Release Date,Title,Artist Name,BPM
2022-06-24,FREE SMILE,Lee Hyori,115.041
2022-03-14,"Love, Maybe",SECRET NUMBER,171.97
2022-06-08,DOOMCHITA,SECRET NUMBER,144.844
2022-11-16,TAP,SECRET NUMBER,110.016
2022-07-12,Copycat,Apink CHOBOM,112.035
2022-07-12,Feel Something,Apink CHOBOM,95.05
2022-12-21,You are the inspiration (I will give you all reply),Apink CHOBOM,134.062
2022-07-12,Oscar,Apink CHOBOM,117.973
2022-12-21,You are the inspiration (I will give you all reply) - Instrumental,Apink CHOBOM,134.109
2022-03-31,Ascension,KINGDOM,172.071
2022-10-05,Long Live The King,KINGDOM,125.006
2022-07-07,#MOOD,MCND,125.969
2022-04-27,Creature,E'LAST,170.139
2022-04-27,Nightmare,E'LAST,124.884
2022-04-27,Shelter,E'LAST,95.023
2022-02-21,RUN2U,STAYC,129.943
2022-07-19,BEAUTIFUL MONSTER,STAYC,82.321
2022-02-21,YOUNG LUV,STAYC,129.905
2022-11-16,POPPY - Japanese Ver.,STAYC,126.001
2022-02-15,DARARI,TREASURE,84.955
2022-02-15,JIKJIN,TREASURE,130.077
2022-10-04,HELLO,TREASURE,135.015
2022-02-13,Starlight,TAEIL,111.961
2022-12-26,Happier,TAEIL,86.945
2022-02-13,Starlight (Inst.),TAEIL,111.998
2022-08-22,After LIKE,IVE,125.014
2022-04-05,LOVE DIVE,IVE,117.941
2022-05-13,Rock Bottom,Kevin Morby,93.548
2022-05-13,This Is A Photograph,Kevin Morby,124.011
2022-05-11,Fame,Ciipher,121.985
2022-05-11,Slam The Door,Ciipher,122.99
2022-05-11,Stay,Ciipher,99.989
2022-05-11,You,Ciipher,96.029
2022-05-11,On A Highway,Ciipher,145.051
2022-02-27,Holding hands or walking together.,Jukjae,71.222
2022-03-21,DAYDREAM,HIGHLIGHT,96.102
2022-11-07,Alone,HIGHLIGHT,115.008
2022-03-21,Night Fog,HIGHLIGHT,104.981
2022-05-16,Candy Sugar Pop,ASTRO,115.042
2022-04-24,With you,HA SUNG WOON,149.898
2022-04-24,With you - Instrumental,HA SUNG WOON,150.068
2022-08-24,FOCUS,HA SUNG WOON,116.998
2022-11-10,Hasid Ruhi,Mahmoud Al Turky,83.054
2022-11-23,Full Bloom,Ahn Ye Eun,123.213
2022-06-25,Burn Like A Star,Ahn Ye Eun,133.828
2022-05-10,Underwater,dosii,133.977
2022-03-25,Cê Não Tem Noção,Anselmo Ralph,83.548
2022-12-16,Tratar Bem,Anselmo Ralph,167.907
2022-01-21,Como Se Te Fosse Perder,Anselmo Ralph,135.949
2022-11-11,Dando Love,Anselmo Ralph,138.033
2022-10-07,Light The Sky [Music from the FIFA World Cup Qatar 2022 Official Soundtrack],Rahma Riad,114.969
2022-07-19,اصعد للكمر,Rahma Riad,125.457
2022-05-26,Rastgele,Mustafa Ceceli,121.985
2022-06-23,Dayan,Mustafa Ceceli,91.007
2022-01-08,Salıncak,Mustafa Ceceli,97.006
2022-12-08,Sargı,Mustafa Ceceli,111.978
2022-12-30,Zaman,Mustafa Ceceli,150.03
2022-12-26,Time After Time,BoA,188.781
2022-11-22,Forgive Me,BoA,100.029
2022-12-26,The Cure,BoA,95.08
2022-01-12,Marvelous,MIRAE,124.981
2022-09-28,Drip N' Drop,MIRAE,126.988
2022-01-12,JUICE,MIRAE,113.956
2022-12-20,Snow Prince,MIRAE,126.988
2022-01-16,Make Me Happy,Whee In,104.055
2022-10-17,I Like You,N.Flying,200.035
2022-10-04,28 Reasons,SEULGI,121.995
2022-10-04,Anywhere But Home,SEULGI,117.051
2022-12-26,Hot & Cold,SEULGI,104.094
2022-10-04,"Bad Boy, Sad Girl",SEULGI,148.01
2022-10-04,Dead Man Runnin’,SEULGI,150.021
2022-10-04,Los Angeles,SEULGI,118.942
2022-10-04,Crown,SEULGI,86.015
2022-01-15,space,The Poles,73.015
2022-01-15,Strawberry Moon,The Poles,113.815
2022-01-15,Sun Shower,The Poles,103.609
2022-01-15,Find Me!,The Poles,147.986
2022-09-30,Hala,Era Istrefi,121.017
2022-11-10,5AM,Era Istrefi,108.088
2022-12-29,Idiot,Era Istrefi,102.99
2022-05-21,TKRKT,Era Istrefi,94.991
2022-04-01,BEBE,Era Istrefi,110.018
2022-06-27,BOOM,LEE MINHYUK (HUTA),96.068
2022-06-27,Dear My Spring,LEE MINHYUK (HUTA),98.018
2022-06-27,Is It Love?,LEE MINHYUK (HUTA),94.953
2022-06-27,Shadow,LEE MINHYUK (HUTA),147.961
2022-01-05,ATHLETIC GIRL,H1-KEY,109.923
2022-07-06,RUN,H1-KEY,99.449
2022-07-06,Heart Light,H1-KEY,130.006
2022-01-04,"Fire (With BRAND NEW CHILD, K L W C)",JEON SOYEON,114.952
2022-02-04,Как ты там,Kamazz,89.016
2022-08-05,FOREVER 1,Girls' Generation,123.915
2022-02-14,INVU,TAEYEON,106.962
2022-02-14,Weekend,TAEYEON,114.029
2022-02-14,Can't Control Myself,TAEYEON,85.044
2022-07-20,Strawberry Cake,Xdinary Heroes,199.943
2022-07-20,Test Me,Xdinary Heroes,166.026
2022-01-03,Step Back,GOT the beat,161.897
2022-04-28,Sober,DKB,139.959
2022-08-25,24/7,DKB,100.999
2022-02-23,GingaMingaYo (the strange world),Billlie,121.997
2022-08-31,RING ma Bell (what a wonderful world),Billlie,137.024
2022-08-31,B’rave ~ a song for Matilda,Billlie,130.019
2022-11-21,Groove Back,J.Y. Park,105.927
2022-09-26,Brand New,XIUMIN,129.994
2022-09-26,How We Do,XIUMIN,104.999
2022-09-26,Serenity,XIUMIN,174.039
2022-09-26,Feedback,XIUMIN,113.979
2022-03-16,HONEY,Solar,115.003
2022-01-04,"Bada Boom (With MISMOLLY, TURNS)",Solar,100.201
2022-03-16,RAW,Solar,140.165
2022-03-16,zinggle zinggle,Solar,171.973
2022-12-19,Ditto,NewJeans,133.854
2022-08-01,Hype Boy,NewJeans,99.976
2022-08-01,Attention,NewJeans,104.988
2022-03-30,"WIN - ""The God of HighSchool"" ED",CIX,100.889
2022-08-22,458,CIX,79.893
2022-08-22,Without You,CIX,125.988
2022-05-13,Phase Me,WOOSUNG,104.067
2022-05-13,Side Effects (feat. SATICA),WOOSUNG,113.01
2022-05-13,ComE dOWn,WOOSUNG,132.039
2022-05-13,Modern Life,WOOSUNG,77.015
2022-02-07,Elastic Love,Choi HEART,100.951
2022-08-20,Million,Choi HEART,119.978
2022-02-23,Elastic Love (Japanese ver.),Choi HEART,100.991
2022-12-30,HALAZIA,ATEEZ,171.915
2022-07-29,Guerrilla,ATEEZ,181.963
2022-07-29,Cyberpunk,ATEEZ,110.012
2022-01-12,Layin' Low (feat. Jooyoung),HYOLYN,126.126
2022-05-02,Sour Grapes,LE SSERAFIM,139.998
2022-10-17,Good Parts (when the quality is bad but I am),LE SSERAFIM,121.121
2022-10-17,No Celestial,LE SSERAFIM,138.028
2022-09-27,PARTY ROCK,CRAVITY,114.051
2022-03-22,Adrenaline,CRAVITY,115.05
2022-10-26,Birthday,TEN,191.769
2022-10-26,Birthday - Instrumental,TEN,191.96
2022-10-17,LUNCH,my little airport,67.94
2022-10-17,你把我的,my little airport,101.956
2022-10-24,Youth,KIHYUN,157.867
2022-03-15,VOYAGER,KIHYUN,121.989
2022-03-15,RAIN,KIHYUN,114.297
2022-03-15,", (COMMA)",KIHYUN,168.045
2022-10-24,Where Is This Love,KIHYUN,85.063
2022-10-24,STARDUST,KIHYUN,85.001
2022-10-24,Bad Liar,KIHYUN,86.064
2022-08-04,IS THIS LOVE,KIHYUN,119.914
2022-02-24,So Right (feat. Yuna),SHAUN,110.03
2022-11-07,nvrmnd,I.M,108.049
2022-09-19,TTFU,Simon Dominic,149.987
2022-05-06,First Class,Jack Harlow,107.005
2022-05-06,Nail Tech,Jack Harlow,150.127
2022-04-12,MAISON,Dreamcatcher,120.007
2022-10-11,VISION,Dreamcatcher,94.968
2022-12-05,Dear My Winter,george,84.96
2022-06-17,Everyday,george,155.825
2022-04-27,La Luna,ICHILLIN',77.016
2022-11-10,Draw,ICHILLIN',105.993
2022-04-27,Play Hide & Seek,ICHILLIN',146.989
2022-04-27,1+1,ICHILLIN',90.938
2022-03-21,Feel My Rhythm,Red Velvet,157.964
2022-07-31,Breath,Kim Na Young,126.998
2022-07-20,Nabillera,HyunA,187.83
2022-07-28,Pop? Pop!,CSR,122.03
2022-11-17,LOVETICON (♡TiCON),CSR,159.978
2022-07-28,Euratcha!,CSR,117.031
2022-07-28,Manito,CSR,113.993
2022-11-17,Anding (&),CSR,97.954
2022-07-28,Toi Et Moi,CSR,124.011
2022-07-28,72.72Hz,CSR,110.004
2022-01-07,I Don't Know You Anymore,Eric Nam,101.978
2022-01-07,Any Other Way,Eric Nam,81.03
2022-04-13,ZOOM,Jessi,100.012
2022-11-18,golden hour 初光,HENRY,184.993
2022-02-21,The Song,BTOB,135.881
2022-11-25,Love Me or Leave Me,Ukweli,159.92
2022-04-01,Patient,Ukweli,87.969
2022-07-01,Silaha,Ukweli,179.955
2022-09-23,Maybe,Ukweli,88.177
2022-02-04,Waiting,Ukweli,81.371
2022-11-25,Lost,Ukweli,90.833
2022-11-25,Circadian Riddim,Ukweli,80.037
2022-11-25,Étoile,Ukweli,108.879
2022-07-17,Raindrops,Gummy,78.131
2022-11-25,Love Me or Leave Me,Xenia Manasseh,159.92
2022-12-26,Where You Are,RYEOWOOK,169.702
2022-05-03,Hiding Words,RYEOWOOK,135.646
2022-05-03,To Me,RYEOWOOK,82.864
2022-07-28,Goodbye,RYEOWOOK,133.753
2022-03-15,BET BET (2022 Remastered Version),NU'EST,136.97
2022-03-15,LOVE ME (2022 Remastered Version),NU'EST,123.926
2022-03-15,Again,NU'EST,189.951
2022-03-15,Love Paint (every afternoon) (2022 Remastered Version),NU'EST,146.98
2022-03-15,OVERCOME (2022 Remastered Version),NU'EST,138.088
2022-04-24,Dear my X,KyoungSeo,94.023
2022-10-30,CHECKLIST,KyoungSeo,88.75
2022-07-15,MORE,j-hope,97.031
2022-07-15,Arson,j-hope,99.992
2022-07-15,= (Equal Sign),j-hope,105.848
2022-07-15,Future,j-hope,102.042
2022-07-15,Pandora's Box,j-hope,96.981
2022-07-15,Safety Zone,j-hope,77.071
2022-10-06,Left and Right (Feat. Jung Kook of BTS),BTS,101.058
2022-11-20,Dreamers [Music from the FIFA World Cup Qatar 2022 Official Soundtrack],BTS,114.993
2022-06-10,Butter,BTS,109.997
2022-06-10,Run BTS,BTS,77.004
2022-03-22,Closer,Ha Yea Song,91.922
2022-12-13,Since I knew you,Ha Yea Song,132.057
2022-05-12,Don't be nice to me,Ha Yea Song,135.336
2022-06-29,Heart Burn,SUNMI,121.99
2022-05-24,ALIVE,LIGHTSUM,125.044
2022-05-24,i,LIGHTSUM,129.051
2022-12-21,Say I Love You,Woody,136.086
2022-02-22,Wherever,Woody,90.059
2022-08-30,Gasoline,KEY,150.03
2022-08-30,Villain,KEY,193.773
2022-11-16,ME= (NANEUN),JUST B,144.973
2022-04-14,RE=LOAD,JUST B,155.02
2022-01-10,Polaroid Love,ENHYPEN,138.055
2022-07-04,SHOUT OUT,ENHYPEN,159.989
2022-07-04,Future Perfect (Pass the MIC),ENHYPEN,156.096
2022-03-06,You Are Mine,VICTON,110.032
2022-05-31,Stupid O'clock,VICTON,99.866
2022-11-15,Virus,VICTON,149.993
2022-09-18,Monologue,Tei,78.967
2022-12-28,Making a new ending of this story,Tei,133.747
2022-11-26,Same Pillow,Tei,91.63
2022-03-23,7년을 하루만에 다 끝낼수 있구나,Tei,129.745
2022-09-22,Rush Hour (Feat. j-hope of BTS),Crush,95.035
2022-12-28,Phantom,WayV,123.043
2022-01-03,WA DA DA,Kep1er,126.004
2022-06-20,Up!,Kep1er,124.006
2022-08-03,Wing Wing,Kep1er,128.064
2022-01-03,MVSK,Kep1er,129.95
2022-06-23,Light Switch,Youth Fountain,183.928
2022-06-10,Sort Of Stranger,The Greeting Committee,98.011
2022-09-09,Blow,Jackson Wang,124.853
2022-11-05,Fire To The Fuse,Jackson Wang,173.92
2022-09-09,Cruel,Jackson Wang,78.99
2022-07-03,Aching,Kassy,125.367
2022-05-19,Don't wanna leave tonight,Kassy,97.01
2022-02-07,Always love you,Kassy,71.075
2022-09-16,2 Baddies,NCT 127,171.96
2022-11-30,Cheshire,ITZY,98.966
2022-07-15,SNEAKERS,ITZY,119.986
2022-05-25,VENOM,BVNDIT,126.077
2022-05-25,DON′T MESS WITH ME,BVNDIT,150.191
2022-05-25,JIGGY,BVNDIT,159.924
2022-05-25,AWAKEN,BVNDIT,105.064
2022-06-14,MY LOVE (feat. RAVI),Seo In Guk,94.02
2022-12-06,Fallen,Seo In Guk,74.008
2022-12-06,Youth,Seo In Guk,91.45
2022-02-24,Beautiful Day,BLITZERS,126.021
2022-07-20,Hit The Bass,BLITZERS,170.111
2022-01-03,BOBBIN,BLITZERS,99.991
2022-11-14,Traveler,CHEN,87.03
2022-04-04,Grey Suit,SUHO,143.831
2022-12-26,Happier,SUHO,86.945
2022-12-26,The Cure,SUHO,95.08
2022-04-04,Hurdle,SUHO,113.061
2022-04-04,Decanting,SUHO,140.125
2022-03-18,MANIAC,Stray Kids,119.872
2022-10-07,Sour,The Rose,154.344
2022-03-07,Ven para,Weeekly,99.996
2022-11-18,Ghost Light,EVERGLOW,150.081
2022-06-30,Beyond My Dreams,Sunwoojunga,78.943
2022-07-10,Just Watching You,JEONG SEWOON,69.861
2022-12-28,Symphony,JEONG SEWOON,102.035
2022-11-29,WHEN I MOVE,KARA,115.779
2022-10-17,Malibu,PATTERN,122.028
2022-10-17,Malibu - Instrumental,PATTERN,121.998
2022-06-29,MASCARA,XG,119.013
2022-03-18,Tippy Toes,XG,105.986
2022-11-17,BIBI Vengeance,BIBI,99.981
2022-04-16,Best Lover,BIBI,82.004
2022-09-06,LAW (Prod. Czaer),BIBI,128.054
2022-02-20,"Very, Slowly",BIBI,135.917
2022-03-07,Dashni,Dafina Zeqiri,100.046
2022-05-07,그렇게 넌 나의 비밀이 되었고,Sondia,113.873
2022-07-08,Illusion,aespa,90.027
2022-07-08,Black Mamba,aespa,90.006
2022-07-08,Girls,aespa,171.958
2022-05-02,تتنفسك دنياي,Abdul Majeed Abdullah,133.85
2022-06-30,Shootout,Izzamuzzic,86.986
2022-07-08,Shootout (Sped Up),Izzamuzzic,104.647
2022-07-08,Shootout (Slowed + Reverb),Izzamuzzic,137.143
2022-07-21,Shootout (8D Version),Izzamuzzic,86.976
2022-04-14,Love Theory,TAEYONG,119.991
2022-02-09,BOP BOP!,VIVIZ,126.118
2022-05-13,Purr,VIVIZ,159.957
2022-07-06,LOVEADE,VIVIZ,113.999
2022-09-06,LAW (Prod. Czaer),Yoon Mirae,128.054
2022-12-02,Доча,Jah Khalib,100.073
2022-03-07,Satisfied,KIM WOO SEOK,99.933
2022-03-07,Switch,KIM WOO SEOK,119.952
2022-03-07,Ghostin',KIM WOO SEOK,160.227
2022-12-30,You Remember,Paul Kim,137.794
2022-02-27,Like Yesterday,Paul Kim,129.75
2022-07-05,Last Sequence,WJSN,121.092
2022-02-16,Eye On You,WONHO,116.987
2022-06-13,CRAZY,WONHO,111.997
2022-10-14,Don't Regret,WONHO,145.952
2022-10-14,On & On,WONHO,229.829
2022-08-19,Don't hesitate,WONHO,119.946
2022-06-07,haeyo (2022),An Nyeong,70.004
2022-10-22,It's hard to say goodbye,An Nyeong,129.796
2022-02-03,Pity Party,JAMIE,124.988
2022-06-16,Stupid Cool,DAWN 던,127.852
2022-02-24,불확정성의 원리 (feat. 다원),015B,150.002
2022-09-19,DICE,NMIXX,131.085
2022-02-22,O.O,NMIXX,200.263
2022-02-22,TANK,NMIXX,179.928
2022-09-19,COOL (Your rainbow),NMIXX,148.867
2022-07-31,Kiss,NMIXX,123.055
2022-11-16,Rollercoaster,woo!ah!,115.999
2022-01-04,Catch the Stars,woo!ah!,115.108
2022-06-09,Danger,woo!ah!,107.99
2022-09-06,New thing (Prod. ZICO) (Feat. Homies),ZICO,175.12
2022-07-27,Freak,ZICO,141.036
2022-07-19,SEOUL DRIFT,ZICO,165.035
2022-07-14,Last Name,Nikita Kering',173.849
2022-10-14,On Yah - Intro,Nikita Kering',159.738
2022-11-11,Falling Down,Nikita Kering',171.83
2022-11-11,Save Me,Nikita Kering',135.975
2022-09-24,Veil - English Version,LAY,94.996
2022-09-21,面纱 - 中文版,LAY,94.998
2022-02-22,Dawn to Dusk(不眠不休),LAY,87.478
2022-03-27,Shokran,Assala Nasri,91.012
2022-09-07,غلبان,Assala Nasri,176.09
2022-12-23,سيد الغرام,Assala Nasri,155.992
2022-01-05,Super Yuppers!,WJSN Chocome,156.052
2022-01-05,Sweetie,WJSN Chocome,134.989
2022-01-14,Yummy Yummy Love,MOMOLAND,107.98
2022-01-19,LUNATIC,Moon Byul,123.999
2022-01-04,"Bada Boom (With MISMOLLY, TURNS)",Moon Byul,100.201
2022-04-28,C.I.T.T (Cheese in the Trap),Moon Byul,154.994
2022-01-19,ddu ddu ddu,Moon Byul,83.944
2022-04-05,Still Life,BIGBANG,118.06
2022-07-25,Somebody!,Loco,105.02
2022-07-25,Lemon,Loco,119.96
2022-05-17,MOVE,THE NEW SIX,171.993
2022-05-17,Your Favorite Melody,THE NEW SIX,89.982
2022-05-17,Burst Up,THE NEW SIX,132.023
2022-09-23,Gambia,Sona Jobarteh,109.018
2022-07-12,Love Note!,Nahee,105.971
2022-12-02,Treasure,Nahee,177.949
2022-09-02,I can't sleep,Nahee,142.216
2022-11-08,Young Boy,NINE.i,160.004
2022-11-08,I AM,NINE.i,127.015
2022-03-30,Parallel Universe,NINE.i,143.006
2022-11-08,Love,NINE.i,126.071
2022-03-30,BEAUTY iNSIDE,NINE.i,100.023
2022-08-04,Beautiful Night,Gaho,81.964
2022-05-23,NANANA,GOT7,137.006
2022-03-30,Event Horizon,Younha,97.977
2022-03-14,TOMBOY,(G)I-DLE,124.032
2022-10-17,Nxde,(G)I-DLE,135.966
2022-03-14,MY BAG,(G)I-DLE,94.024
2022-05-04,Vancouver,BIG Naughty,89.483
2022-04-20,Beyond Love (Feat. 10CM),BIG Naughty,174.954
2022-06-09,"Romance Symphony (Feat. CHANGMO, Jay Park)",BIG Naughty,88.042
2022-09-25,Just 10 centimeters,BIG Naughty,92.002
2022-07-25,Nerdy,PURPLE KISS,136.083
2022-03-29,Pretty Psycho,PURPLE KISS,132.034
2022-03-29,memeM,PURPLE KISS,150.008
2022-01-24,我也難過的,吳林峰,134.73
2022-11-02,俄羅斯套娃,吳林峰,75.642
2022-11-22,Gonda Wali Ye Por,Vishal Thakare,88.882
2022-11-17,Thandina Mahinam,Vishal Thakare,173.998
2022-12-05,Mama Karisan Tumni Por,Vishal Thakare,88.988
2022-08-22,Vishwa Aadiwashi Din,Vishal Thakare,185.941
2022-06-03,Monaco,Ledri Vula,96.004
2022-07-13,A mke dasht,Ledri Vula,112.977
2022-10-18,DOMESTIC,Rain,100.027
2022-09-29,FIRE,EXID,129.978
2022-05-03,BUT YOU,iKON,138.006
2022-05-16,DEEP,HYO,126.98
2022-12-26,Jet,HYO,79.989
2022-12-26,Good To Be Alive,HYO,122.928
2022-04-25,O,VERIVERY,140.014
2022-04-25,Undercover,VERIVERY,75.051
2022-05-20,boyfriend material,Gareth.T,144.926
2022-05-20,honest (feat. moon tang),Gareth.T,179.818
2022-05-20,勁浪漫 超溫馨,Gareth.T,134.973
2022-05-20,dinner in bed,Gareth.T,134.869
2022-10-21,笑住喊,Gareth.T,136.959
2022-05-20,confidence,Gareth.T,105.159
2022-05-20,speed limit,Gareth.T,142.348
2022-07-25,Somebody!,HWASA,105.02
2022-02-14,Rain Song (Feat. Colde),Epik High,87.093
2022-01-04,Universe_,ONEWE,139.211
2022-08-26,Talk that Talk,TWICE,119.973
2022-06-15,Villain,PIXY,100.023
2022-08-30,Better (Feat. BIG Naughty),MAMAMOO+,115.014
2022-06-24,樹木真美,Serrini,139.996
2022-02-04,Child,MARK,85.068
2022-09-20,LIT (Prod. Czaer),MARK,105.034
2022-12-26,The Cure,MARK,95.08
2022-02-04,Child - Instrumental,MARK,169.985
2022-03-11,GANADARA (Feat. IU),Jay Park,90.081
2022-10-20,When I Get Old,CHUNG HA,127.418
2022-02-20,Melting,CHEEZE,89.129
2022-08-04,Goodbye,Kim MinSeok,69.562
2022-09-15,Shut Down,BLACKPINK,110.071
2022-09-15,Pink Venom,BLACKPINK,180.06
2022-09-16,Typa Girl,BLACKPINK,131.984
2022-09-16,Tally,BLACKPINK,129.902
2022-04-20,1 of 9,YOUNITE,114.873
2022-10-31,Bad Cupid,YOUNITE,159.966
2022-07-25,AVIATOR,YOUNITE,105.004
2022-01-24,Feelin' Like,PENTAGON,111.973
2022-01-24,Sparkling Night,PENTAGON,169.883
2022-06-10,We Met On The Internet,Will Joseph Cook,108.074
2022-06-10,Kisses,Will Joseph Cook,81.003
2022-09-07,Gummy (feat. Tessa Violet),Will Joseph Cook,149.474
2022-06-22,Ring The Alarm,KARD,99.929
2022-07-21,Inevitable,Suzy,76.994
2022-03-25,without me,Juho,133.154
2022-12-04,Goodbye,Juho,133.785
2022-06-08,the day (feat. Banhana),Juho,177.695
2022-11-13,Only You,Juho,134.02
2022-05-13,Tell me now,Brave Girls,79.958
2022-03-14,Thank You,Brave Girls,122.062
2022-06-26,Scars leave beautiful trace,"Car, the garden",82.024
2022-04-20,Love story,BOL4,114.058
2022-07-29,Inauma,Bien,96.98
2022-12-02,Dimension,Bien,91.961
2022-05-13,BTBT,B.I,109.946
2022-11-18,Keep me up,B.I,102.064
2022-01-14,gaslighting,OnlyOneOf,172.078
2022-01-14,ultimate bliss,OnlyOneOf,139.992
2022-01-14,skinz,OnlyOneOf,165.735
2022-06-20,Flip That,LOONA,112.045
2022-03-02,Bad News,TEMPEST,149.975
2022-08-29,Can’t Stop Shining,TEMPEST,120.05
2022-11-22,Dragon,TEMPEST,160.005
2022-03-02,Bad At Love,TEMPEST,142.061
2022-05-04,I hate you,WOODZ,173.843
2022-08-09,KISS,TRI.BE,104.048
2022-08-22,Memu Aagamu,TRI.BE,106.02
2022-12-26,The Cure,ONEW,95.08
2022-04-11,DICE,ONEW,106.056
2022-12-26,Where You Are,ONEW,169.702
2022-09-22,GRATATA,Lapillus,115.01
2022-09-22,Burn With Love,Lapillus,100.002
2022-09-22,Queendom,Lapillus,129.894
2022-01-17,DM,fromis_9,122.028
2022-06-27,Stay This Way,fromis_9,123.945
2022-10-28,Generation,tripleS,119.977
2022-12-26,Hot & Cold,KAI,104.094
2022-08-16,Complete - Remastered Version,ONF,123.967
2022-01-03,Do It Like This,P1Harmony,95.019
2022-11-30,Back Down,P1Harmony,99.957
2022-07-20,Doom Du Doom,P1Harmony,123.114
2022-05-26,Gotta Get Back (feat. Pink Sweat$),P1Harmony,162.656
2022-11-30,BFF (Best Friends Forever),P1Harmony,105.021
2022-02-18,"Love, Maybe",MeloMance,171.594
2022-05-14,Happy Song,MeloMance,88.834
2022-07-05,I LOVE U,WINNER,105.024
2022-02-14,Dilemma,Apink,130.04
2022-06-24,POP!,NAYEON,96.986
2022-06-24,LOVE COUNTDOWN (Feat. Wonstein),NAYEON,159.937
2022-06-24,NO PROBLEM (Feat. Felix of Stray Kids),NAYEON,115.356
2022-06-24,SUNSET,NAYEON,84.84
2022-06-24,ALL OR NOTHING,NAYEON,180.106
2022-06-24,HAPPY BIRTHDAY TO YOU,NAYEON,173.879
2022-06-24,CANDYFLOSS,NAYEON,107.995
2022-08-29,FLASH,Rocket Punch,123.911
2022-02-28,CHIQUITA,Rocket Punch,128.099
2022-08-29,Moon Prism,Rocket Punch,155.001
2022-06-11,Drunken confession at night (Prod. 2soo),Lim Jae Hyun,135.593
2022-12-06,Chase,MINHO,99.962
2022-12-06,Runaway,MINHO,160.033
2022-12-06,Prove It,MINHO,91.971
2022-12-06,Waterfall,MINHO,73.95
2022-12-06,Choice,MINHO,128.923
2022-08-23,Falling Free,MINHO,139.955
2022-08-23,Romeo and Juliet,MINHO,81.944
2022-12-16,Candy,NCT DREAM,120.008
2022-05-30,Beatbox,NCT DREAM,93.997
2022-09-29,Eye To Eye,LIMELIGHT,100.009
2022-09-29,StarLight,LIMELIGHT,126.016
2022-09-29,Paradise,LIMELIGHT,111.981
2022-09-29,Cha Cha,LIMELIGHT,108.099
2022-05-09,Good Boy Gone Bad,TOMORROW X TOGETHER,100.009
2022-05-18,Eicha,Chayala Neuhaus,139.28
2022-05-18,Hodu Lashem,Chayala Neuhaus,99.973
2022-05-18,Broken Heart,Chayala Neuhaus,131.621
2022-05-18,Chazak,Chayala Neuhaus,74.994
2022-05-18,Challenge,Chayala Neuhaus,166.01
2022-05-18,Blev Echad,Chayala Neuhaus,148.072
2022-05-18,Odeh Lakel,Chayala Neuhaus,126.255
2022-05-18,One More Miracle,Chayala Neuhaus,132.097
2022-12-14,with me,0WAVE,130.02
2022-12-14,hey,0WAVE,132.976
2022-01-05,LOVE ME LIKE,OMEGA X,97.959
2022-02-22,A little more,DOYOUNG,130.111
2022-07-22,Unable To Love,DOYOUNG,84.893
2022-10-25,Fallin',DOYOUNG,179.584
2022-12-26,Where You Are,DOYOUNG,169.702
2022-09-15,Moonlight,AB6IX,116.879
2022-06-24,Известным,The Limba,116.071
2022-05-20,Секрет,The Limba,115.949
2022-10-19,Spray,WEi,91.997
2022-03-16,Too Bad,WEi,154.986
2022-12-26,Priority,MAX CHANGMIN,92.945
2022-01-13,Devil,MAX CHANGMIN,74.898
2022-01-13,Fever,MAX CHANGMIN,127.827
2022-01-13,Maniac,MAX CHANGMIN,147.075
2022-03-10,DU DU DU,TAN,118.042
2022-03-10,Fix You Part1.,TAN,131.984
2022-06-21,Louder,TAN,112.149
2022-03-10,DU DU DU (English ver),TAN,118.048
2022-07-26,Walking on the moon,TAN,153.05
2022-10-11,Beautiful LIE,TAN,126.039
2022-03-14,BORN TO LOVE YOU,Kang Seung Yoon,149.794
2022-08-23,Gulliver,Kang Seung Yoon,125.988
2022-10-11,ILLELLA,MAMAMOO,173.931
2022-11-10,Suzume,RADWIMPS,78.01
2022-11-10,KANATA HALUKA,RADWIMPS,79.95
2022-03-04,Ms. Phenomenal,RADWIMPS,78.035
2022-07-03,Gradation,10cm,104.003
2022-09-25,Just 10 centimeters,10cm,92.002
2022-05-24,Upside Down,KANGDANIEL,136.088
2022-06-20,Move Like This (Feat. YUNA KIM),KANGDANIEL,119.991
2022-11-24,Nirvana (feat. pH-1 & WDBZ),KANGDANIEL,111.002
2022-10-28,The Astronaut,JIN,124.988
2022-04-11,Anthem of Teen Spirit,EPEX,160.027
2022-10-26,Hymn to Love,EPEX,99.992
2022-10-26,Tick Tick Boom,CLASS:y,99.998
2022-05-05,SHUT DOWN,CLASS:y,128.003
2022-05-26,CLASSY,CLASS:y,121.0
2022-10-26,ZEALOUS,CLASS:y,112.006
2022-05-26,SAME SAME DIFFERENT,CLASS:y,119.958
2022-05-05,TELL ME ONE MORE TIME,CLASS:y,114.957
2022-05-26,SURPRISE,CLASS:y,130.094
2022-07-09,I Missed You,WSG WANNABE(4FIRE),169.883
2022-12-16,Our Season,WSG WANNABE(4FIRE),89.945
2022-11-06,LIMBO!,NATURE,143.026
2022-01-24,RICA RICA,NATURE,135.068
2022-11-06,I′m Done,NATURE,94.981
2022-03-15,WHO,MOONBIN&SANHA(ASTRO),170.056
2022-02-11,Ghost Town,MOONBIN&SANHA(ASTRO),153.975
2022-03-15,BOO,MOONBIN&SANHA(ASTRO),142.007
2022-03-21,Wonderland (From “American Song Contest”),AleXa,99.978
2022-11-11,Back In Vogue,AleXa,179.742
2022-01-06,TATTOO,AleXa,83.025
2022-11-25,Lil Mama,Sauti Sol,107.966
2022-11-04,Oversized T-shirt,Sauti Sol,99.97
2022-03-02,Love In Space,Cherry Bullet,155.998
2022-03-02,Broken,Cherry Bullet,127.01
2022-05-27,HOT,SEVENTEEN,111.944
2022-05-27,Darl+ing,SEVENTEEN,95.384
2022-07-18,_WORLD,SEVENTEEN,111.01
2022-09-16,Expert In A Dying Field,The Beths,137.424
2022-09-16,When You Know You Know,The Beths,187.684
2022-09-16,Knees Deep,The Beths,155.987
2022-09-16,Silence Is Golden,The Beths,97.861
2022-10-29,Fotaba Dekhai Ke Jiya Hiyo Ge,Aashish Yadav,86.983
2022-09-07,Rat Bhar Jagi Jagi Nadiya Kinarwa,Aashish Yadav,87.008
2022-06-23,Aibo Baratiya,Aashish Yadav,84.953
2022-11-23,Fulal Fulal Lale Dehiya Rasgulla Ge,Aashish Yadav,84.993
2022-12-05,Odh Ke Rajaiya,Aashish Yadav,84.953
2022-09-26,Because we loved,KANG MINKYUNG,66.007
2022-09-26,Because we loved - Instrumental,KANG MINKYUNG,132.092
2022-01-27,Beautiful (Part.3),Wanna One,87.908
2022-06-09,Alkool,Yll Limani,178.045
2022-12-22,Kriminele,Yll Limani,95.008
2022-08-08,Replay,Golden Child,121.484
2023-10-12,HOODIE E BANBAJI,Lee Hyori,183.934
2023-05-24,DOXA,SECRET NUMBER,100.964
2023-08-24,STARLIGHT,SECRET NUMBER,137.987
2023-03-03,LIKE IT LIKE IT,SECRET NUMBER,168.004
2023-08-24,Crazy Love,SECRET NUMBER,117.025
2023-01-25,PANDORA,MAVE:,149.986
2023-01-25,WONDERLAND (IDYPIA),MAVE:,169.71
2023-07-12,テレフォン・ナンバー,Junko Ohashi,94.657
2023-10-18,COUP D’ETAT,KINGDOM,96.035
2023-03-23,Dystopia,KINGDOM,121.984
2023-10-18,ON MY WAY,KINGDOM,105.023
2023-10-18,X-GAME,KINGDOM,103.929
2023-10-18,SANDCASTLE,KINGDOM,90.017
2023-10-17,Kiss me Baby,E'LAST,123.999
2023-02-20,Thrill,E'LAST,76.956
2023-10-17,NEVERLAND,E'LAST,108.119
2023-07-10,Cream Soda,EXO,155.617
2023-07-10,Let Me In,EXO,84.013
2023-08-16,Bubble,STAYC,131.985
2023-02-14,Teddy Bear,STAYC,119.04
2023-02-03,Poppy (Korean Ver.),STAYC,126.047
2023-05-20,Cat & Mouse,BLACKSWAN,119.987
2023-05-20,Karma,BLACKSWAN,173.925
2023-09-06,Cat & Mouse - English Version,BLACKSWAN,120.005
2023-09-06,Karma - English Version,BLACKSWAN,173.892
2023-09-06,A World Without Pain,BLACKSWAN,81.977
2023-03-30,TRICKY HOUSE,xikers,98.012
2023-08-02,DO or DIE,xikers,169.986
2023-03-30,ROCKSTAR,xikers,172.168
2023-08-02,Koong,xikers,150.052
2023-03-30,XIKEY,xikers,139.941
2023-08-02,HOMEBOY,xikers,138.052
2023-03-30,Oh My Gosh,xikers,147.946
2023-03-30,Doorbell Ringing,xikers,134.168
2023-08-02,Sunny Side,xikers,93.053
2023-08-02,Skater,xikers,179.973
2023-07-28,BONA BONA,TREASURE,131.943
2023-10-20,B.O.M.B - KABOOM ver.,TREASURE,120.012
2023-07-28,B.O.M.B,TREASURE,120.024
2023-07-28,MOVE (T5),TREASURE,94.97
2023-07-28,I WANT YOUR LOVE,TREASURE,128.016
2023-09-22,Bandit,TAEIL,80.017
2023-02-09,Lovey Dovey,TAEIL,119.954
2023-10-13,Baddie,IVE,160.045
2023-04-10,I AM,IVE,122.002
2023-10-06,Off The Record,IVE,107.984
2023-09-25,Either Way,IVE,123.078
2023-04-10,Kitsch,IVE,102.0
2023-10-13,OTT,IVE,124.037
2023-07-13,I WANT,IVE,129.944
2023-01-25,Dance With Me Child,Kevin Morby,73.508
2023-05-26,Triumph,Kevin Morby,116.007
2023-10-13,Night Chaser,Ciipher,140.02
2023-09-03,지금 이대로 Stay with me,Jukjae,171.488
2023-03-31,FLOWER,JISOO,123.961
2023-03-31,All Eyes On Me,JISOO,110.048
2023-10-16,Give You My All,HIGHLIGHT,102.659
2023-04-06,En Garde,En Butter,118.0
2023-04-24,Asheq Majnoon,Mahmoud Al Turky,96.172
2023-05-23,عاشق مجنون ريمكس,Mahmoud Al Turky,96.025
2023-06-23,Eish Hayatak,Mahmoud Al Turky,101.978
2023-03-19,The Moon during the Day,Ahn Ye Eun,149.876
2023-08-05,HONGRYEON,Ahn Ye Eun,175.911
2023-10-14,maniac,dosii,79.015
2023-09-22,Cupid - Twin Ver.,FIFTY FIFTY,120.018
2023-09-22,Cupid,FIFTY FIFTY,120.023
2023-07-06,Barbie Dreams (feat. Kaliii) [From Barbie The Album],FIFTY FIFTY,138.089
2023-09-22,Tell Me,FIFTY FIFTY,111.945
2023-09-22,Cupid – Twin Ver. (feat. Sabrina Carpenter),FIFTY FIFTY,120.035
2023-09-22,Lovin' Me,FIFTY FIFTY,170.936
2023-09-22,Higher,FIFTY FIFTY,103.036
2023-09-22,Log in,FIFTY FIFTY,132.051
2023-02-24,Cupid - Instrumental,FIFTY FIFTY,120.0
2023-06-16,Cupid (Twin Ver.) - Slowed Down Version,FIFTY FIFTY,100.925
2023-09-22,Mil y Una Noches,Anselmo Ralph,191.959
2023-07-21,Sola,Anselmo Ralph,103.023
2023-09-16,Helo Hal Shuur,Rahma Riad,133.295
2023-03-23,Ha Khouya,Rahma Riad,93.949
2023-06-30,Safha Jdida,Rahma Riad,136.126
2023-01-07,Aash Al Iraq,Rahma Riad,120.05
2023-06-14,Kalam El Hob,Rahma Riad,85.97
2023-10-23,Aşktan Giderken,Mustafa Ceceli,94.982
2023-07-19,JUMP!,MIRAE,103.535
2023-07-19,GIRL,MIRAE,107.054
2023-07-12,Air Force One,ODD EYE CIRCLE,137.937
2023-07-12,Je Ne Sais Quoi,ODD EYE CIRCLE,115.005
2023-07-12,Love Me Like,ODD EYE CIRCLE,113.97
2023-07-12,My Secret Playlist,ODD EYE CIRCLE,131.979
2023-07-12,Lucid,ODD EYE CIRCLE,91.969
2023-07-12,Did You Wait?,ODD EYE CIRCLE,137.78
2023-10-12,In The Mood,Whee In,93.961
2023-10-12,17 (feat. HWASA),Whee In,129.977
2023-10-12,Bite Me (feat. HAON),Whee In,140.031
2023-10-12,Spark,Whee In,165.914
2023-10-12,On The Island,Whee In,139.965
2023-10-12,I Know I Know I Know (Beyond),Whee In,135.202
2023-10-12,Aphrodite,Whee In,111.021
2023-05-20,Blue Moon,N.Flying,105.093
2023-08-21,Love Lee,AKMU,100.029
2023-08-21,Fry’s Dream,AKMU,124.949
2023-07-15,You Are My,HYNN,139.558
2023-10-05,As Autumn Brings Cold Wind,HYNN,153.912
2023-07-15,You Are My - Inst.,HYNN,140.072
2023-07-24,EUROPA,HYNN,102.068
2023-08-24,It's You,PARK WON,119.851
2023-08-24,It's You - Inst.,PARK WON,120.027
2023-09-10,Don't Deserve You,PARK WON,63.427
2023-06-15,Ta Du,Era Istrefi,113.014
2023-01-05,Rose Blossom,H1-KEY,94.019
2023-08-30,SEOUL (Such a Beautiful City),H1-KEY,177.98
2023-08-30,Time to Shine,H1-KEY,199.973
2023-08-30,Low-key Scared But H1-KEY Ready,H1-KEY,127.962
2023-08-30,Magical Dream,H1-KEY,149.931
2023-01-05,Dream Trip,H1-KEY,115.899
2023-04-18,Danger,H1-KEY,129.921
2023-11-16,NOBODY,JEON SOYEON,109.994
2023-08-23,A-MOONO-KE (I’m OK),JEON SOYEON,95.053
2023-09-29,Большие города,Kamazz,99.935
2023-11-03,Без эмоций,Kamazz,113.056
2023-10-30,Guilty,TAEMIN,81.983
2023-10-30,The Rizzness,TAEMIN,135.072
2023-10-30,"She Loves Me, She Loves Me Not",TAEMIN,164.858
2023-10-30,Not Over You,TAEMIN,145.884
2023-10-30,Night Away,TAEMIN,146.007
2023-10-30,Blue,TAEMIN,91.968
2023-04-26,Good enough,Xdinary Heroes,146.069
2023-04-26,Freakin' Bad,Xdinary Heroes,101.788
2023-10-11,Break the Brake,Xdinary Heroes,110.004
2023-10-11,PLUTO,Xdinary Heroes,154.951
2023-10-11,Freddy,Xdinary Heroes,132.918
2023-10-11,AGAIN? AGAIN!,Xdinary Heroes,180.015
2023-10-11,Enemy,Xdinary Heroes,119.985
2023-01-16,Stamp On It,GOT the beat,142.959
2023-01-16,Rose,GOT the beat,130.007
2023-01-16,Alter Ego,GOT the beat,89.951
2023-01-16,Goddess Level,GOT the beat,82.953
2023-01-16,Outlaw,GOT the beat,155.002
2023-01-16,MALA,GOT the beat,159.916
2023-01-01,I′m Sorry,AILEE,131.715
2023-10-10,RA TA TA (Feat. Lil Cherry),AILEE,123.942
2023-08-14,All Yours,DKB,95.039
2023-06-14,I Need Love,DKB,121.94
2023-08-14,Told You,DKB,95.032
2023-04-20,Turning Point (prod. 周宪),DKB,140.081
2023-09-27,BYOB (bring your own best friend),Billlie,121.987
2023-10-23,DANG! (hocus pocus),Billlie,111.997
2023-03-28,EUNOIA,Billlie,108.033
2023-09-27,BYOB (bring your own best friend) (English Ver.),Billlie,121.991
2023-03-28,nevertheless,Billlie,99.942
2023-11-20,Changed Man,J.Y. Park,168.061
2023-09-15,Daisy,XIUMIN,200.015
2023-04-09,Who?,XIUMIN,92.033
2023-09-23,EXIT,Solar,78.582
2023-04-06,SuperCharger,NINTYSIX,142.007
2023-07-07,Super Shy,NewJeans,149.921
2023-10-04,GODS,NewJeans,145.988
2023-01-02,OMG,NewJeans,126.956
2023-07-21,ETA,NewJeans,134.971
2023-07-07,New Jeans,NewJeans,134.014
2023-07-21,Cool With You,NewJeans,134.993
2023-07-21,ASAP,NewJeans,130.052
2023-05-29,"Save me, Kill me",CIX,99.981
2023-04-21,"Snooze (feat. Ryuichi Sakamoto, WOOSUNG of The Rose)",WOOSUNG,89.959
2023-04-10,5min to heartbreak,Choi HEART,105.495
2023-07-14,No.5,Choi HEART,80.017
2023-07-26,Do not touch,MISAMO,149.972
2023-07-26,Marshmallow,MISAMO,90.022
2023-07-26,Bouquet,MISAMO,91.014
2023-07-26,Funny Valentine,MISAMO,185.968
2023-07-26,Behind The Curtain,MISAMO,82.449
2023-07-26,Rewind you,MISAMO,95.022
2023-07-26,It's not easy for you,MISAMO,80.017
2023-06-16,BOUNCY (K-HOT CHILLI PEPPERS),ATEEZ,150.06
2023-07-12,This love (feat. Paul Blanco),HYOLYN,170.032
2023-08-22,Chemistry (Prod. Czaer),HYOLYN,128.045
2023-10-27,Perfect Night,LE SSERAFIM,136.054
2023-05-01,ANTIFRAGILE,LE SSERAFIM,105.019
2023-05-01,UNFORGIVEN (feat. Nile Rodgers),LE SSERAFIM,104.008
2023-05-01,"Eve, Psyche & The Bluebeard’s wife",LE SSERAFIM,142.951
2023-05-01,FEARLESS (2023 Ver.),LE SSERAFIM,103.948
2023-05-01,Blue Flame (2023 Ver.),LE SSERAFIM,112.046
2023-05-01,Impurities,LE SSERAFIM,180.126
2023-09-11,Ready or Not,CRAVITY,168.048
2023-03-06,Groovy,CRAVITY,119.918
2023-09-01,Cheese,CRAVITY,81.006
2023-03-06,FLY,CRAVITY,177.972
2023-08-06,Ready Set Go,CRAVITY,115.068
2023-09-11,LOVE FIRE,CRAVITY,133.003
2023-09-05,"Swipe (Prod. C-Young, Alawn)",TEN,186.062
2023-10-26,駱駝,my little airport,129.05
2023-04-06,Over Me,Overdose,67.998
2023-10-19,Even for a moment,Sung Si Kyung,84.534
2023-05-07,Full Moon,KIHYUN,82.017
2023-02-23,Steal The Show,SHAUN,91.992
2023-10-06,Way Back Home - Japanese Ver.,SHAUN,99.981
2023-11-16,That Summer,SHAUN,159.436
2023-06-23,OVERDRIVE,I.M,129.938
2023-06-23,Habit,I.M,94.89
2023-06-23,Blame,I.M,104.032
2023-06-23,Dumb,I.M,136.064
2023-06-23,More,I.M,95.991
2023-06-23,Not Sorry,I.M,104.998
2023-07-05,Shhh,KISS OF LIFE,99.98
2023-07-05,Sugarcoat (NATTY Solo),KISS OF LIFE,94.019
2023-11-08,Bad News,KISS OF LIFE,83.687
2023-11-08,Nobody Knows,KISS OF LIFE,90.055
2023-07-05,Bye My Neverland,KISS OF LIFE,157.009
2023-11-08,TTG,KISS OF LIFE,90.041
2023-11-08,My 808,KISS OF LIFE,97.024
2023-11-08,Bad News (ENG Ver.),KISS OF LIFE,168.065
2023-11-08,Says It,KISS OF LIFE,169.505
2023-07-05,Countdown (BELLE Solo),KISS OF LIFE,79.983
2023-10-02,3D (feat. Jack Harlow),Jack Harlow,108.044
2023-11-10,Lovin On Me,Jack Harlow,104.983
2023-04-28,They Don't Love It,Jack Harlow,96.7
2023-05-24,BONVOYAGE,Dreamcatcher,157.962
2023-01-13,REASON,Dreamcatcher,176.061
2023-04-06,ANYWHERE ANYTIME,george,77.445
2023-07-19,KICK-START,ICHILLIN',160.956
2023-05-11,SIREN,ICHILLIN',174.014
2023-03-23,Alarm,ICHILLIN',107.026
2023-07-19,MEME,ICHILLIN',156.926
2023-11-13,Chill Kill,Red Velvet,148.039
2023-11-13,Underwater,Red Velvet,135.912
2023-11-13,Knock Knock (Who's There?),Red Velvet,147.839
2023-11-13,Will I Ever See You Again?,Red Velvet,95.033
2023-11-12,Not Lonely,Kim Na Young,135.572
2023-03-29,Shining Bright,CSR,176.094
2023-03-29,Eighteen (Signal),CSR,111.985
2023-03-29,Dandelion,CSR,139.67
2023-08-28,Baggy Jeans,NCT U,88.666
2023-08-28,PADO,NCT U,96.187
2023-08-28,The BAT,NCT U,75.44
2023-08-28,Alley Oop,NCT U,140.003
2023-09-08,Don't Leave Yet,Eric Nam,113.021
2023-09-08,Only for a Moment,Eric Nam,111.971
2023-09-08,House on a Hill,Eric Nam,132.055
2023-10-25,Gum,Jessi,150.045
2023-11-02,"Smoke (Prod. Dynamicduo, Padi) - Remix",Jessi,98.099
2023-07-18,SUMMER SKY,HENRY,133.943
2023-01-11,MOONLIGHT,HENRY,119.972
2023-03-07,Real Love Still Exists,HENRY,105.902
2023-05-02,Wind And Wish,BTOB,179.952
2023-04-28,Dunia,Ukweli,93.993
2023-05-05,I Will Stay With You,Gummy,80.027
2023-10-23,Wild Ride - A COLORS SHOW,Xenia Manasseh,169.896
2023-09-20,I Lay (feat. Xenia Manasseh),Xenia Manasseh,98.02
2023-09-01,Soul Lovers,Xenia Manasseh,106.895
2023-09-01,Anticipate,Xenia Manasseh,149.865
2023-11-01,Lazizi - Spotify Singles - Cover,Xenia Manasseh,110.115
2023-09-01,Love/Hate,Xenia Manasseh,131.979
2023-04-20,Chizi,Xenia Manasseh,193.969
2023-09-01,Southwards,Xenia Manasseh,110.0
2023-06-26,HARD,SHINee,91.969
2023-06-26,JUICE,SHINee,170.049
2023-11-20,It's okay,RYEOWOOK,133.938
2023-07-30,Everyday With You,KyoungSeo,94.075
2023-01-25,Wonder Why,KyoungSeo,91.947
2023-05-26,120BPM,KyoungSeo,97.028
2023-03-09,Dream about You,KyoungSeo,95.974
2023-10-22,No Return,KyoungSeo,94.894
2023-04-30,flutter,KyoungSeo,169.874
2023-07-16,ANYWHERE (Feat. Huh),KyoungSeo,83.206
2023-03-03,on the street (with J. Cole),j-hope,94.074
2023-04-21,HUH?! (feat. j-hope),j-hope,139.911
2023-06-09,Take Two,BTS,92.991
2023-03-19,Seeing you on a tough day,Ha Yea Song,75.337
2023-09-11,사랑이라 쓰고 이별이라 읽어 (Write love and Read breakup),Ha Yea Song,134.675
2023-06-06,Like the first time,Ha Yea Song,132.594
2023-10-17,STRANGER,SUNMI,62.644
2023-07-06,Let's Stay Well (My love X Roy Kim),Roy Kim,75.663
2023-03-02,Flower,Roy Kim,127.766
2023-03-28,Sour & Sweet,BamBam,172.02
2023-03-28,TIPPY TOE,BamBam,158.967
2023-03-28,Take It Easy,BamBam,146.059
2023-03-28,GHOST,BamBam,163.924
2023-03-28,Let's Dance,BamBam,119.989
2023-03-28,Wings,BamBam,159.926
2023-03-28,about YOU,BamBam,133.129
2023-03-28,Feather,BamBam,90.385
2023-10-11,Honey or Spice,LIGHTSUM,97.033
2023-10-11,Light it Up,LIGHTSUM,105.044
2023-10-11,Not My Style,LIGHTSUM,125.989
2023-10-11,Whoopie,LIGHTSUM,113.958
2023-10-11,Skyline,LIGHTSUM,185.952
2023-10-11,Candle LIGHT,LIGHTSUM,129.785
2023-07-14,Flower in the Desert - Kor Version,Woody,123.924
2023-08-08,RUN,Woody,148.044
2023-11-01,Can't Nobody,Woody,89.996
2023-03-06,Nostalgia,Woody,199.46
2023-01-31,Marry Me,Woody,87.899
2023-09-11,Good & Great,KEY,122.896
2023-09-11,CoolAs,KEY,123.959
2023-02-13,Killer,KEY,172.941
2023-09-11,Can't Say Goodbye,KEY,111.002
2023-10-09,MEDUSA,JUST B,134.735
2023-02-14,MBTI,JUST B,95.018
2023-10-09,Youth,JUST B,108.005
2023-10-09,Paper Plane,JUST B,172.034
2023-10-09,DRAMA,JUST B,121.959
2023-10-09,Camellia,JUST B,140.033
2023-10-09,Coming Home,JUST B,137.84
2023-05-22,Bite Me,ENHYPEN,104.972
2023-11-17,Sweet Venom,ENHYPEN,115.004
2023-05-22,Sacrifice (Eat Me Up),ENHYPEN,68.985
2023-07-31,CRIMINAL LOVE,ENHYPEN,89.995
2023-09-05,After breaking up,Tei,122.956
2023-04-17,Perfume,NCT DOJAEJUNG,105.977
2023-04-17,Kiss,NCT DOJAEJUNG,92.0
2023-04-17,Can We Go Back,NCT DOJAEJUNG,114.988
2023-04-17,Strawberry Sunday,NCT DOJAEJUNG,104.016
2023-04-17,Dive,NCT DOJAEJUNG,81.209
2023-04-17,Ordinary,NCT DOJAEJUNG,139.732
2023-07-13,Perfume - Jafunk Remix,NCT DOJAEJUNG,115.078
2023-07-13,Perfume - Bronze & Jason Lee Remix,NCT DOJAEJUNG,106.097
2023-09-05,Click Like (Prod. Crush) (Feat. Paul Blanco),Crush,145.817
2023-11-14,Hmm-cheat,Crush,107.987
2023-11-14,Ego,Crush,100.999
2023-11-14,No Break (Feat. Dynamicduo),Crush,114.056
2023-11-01,On My Youth,WayV,93.043
2023-11-01,Poppin' Love,WayV,160.002
2023-11-01,On My Youth - English Version,WayV,93.038
2023-11-01,No One But You,WayV,89.923
2023-11-01,RODEO,WayV,110.988
2023-11-01,Ain't No Thang,WayV,119.931
2023-11-01,INVINCIBLE,WayV,149.938
2023-04-06,Say My Name,Say Yes!,104.015
2023-09-25,Galileo,Kep1er,119.012
2023-04-10,Giddy,Kep1er,104.9
2023-04-10,Back to the City,Kep1er,176.934
2023-11-08,Grand Prix,Kep1er,127.019
2023-03-15,We Fresh (Japanese version),Kep1er,126.98
2023-02-22,I do! Do you?,Kep1er,119.967
2023-11-03,Roses In My Backpack,Youth Fountain,195.03
2023-11-03,Fallen Short,Youth Fountain,164.936
2023-11-03,Identical Days,Youth Fountain,112.603
2023-11-03,Clarity,Youth Fountain,169.972
2023-11-03,Requiem,Youth Fountain,110.031
2023-11-03,Twin Flame,Youth Fountain,102.521
2023-11-03,Haiku,Youth Fountain,110.062
2023-04-17,Slow (with Ciara),Jackson Wang,116.063
2023-05-05,LEFT RIGHT REMIXX - FEAT. CIARA & JACKSON WANG // PROD BY JAKOPS,Jackson Wang,149.966
2023-09-18,Somebody,D.O.,89.024
2023-09-08,I Do,D.O.,104.874
2023-09-18,Ordinary Days,D.O.,66.913
2023-09-18,Wonder,D.O.,144.929
2023-09-18,The View,D.O.,148.031
2023-09-18,Lost,D.O.,130.013
2023-04-06,Switch,Gguggugi,99.973
2023-06-04,Crush on you,Kassy,84.819
2023-10-06,Fact Check,NCT 127,130.012
2023-01-30,Ay-Yo,NCT 127,90.002
2023-10-06,Space,NCT 127,110.001
2023-10-06,Angel Eyes,NCT 127,118.02
2023-10-06,Parade,NCT 127,151.057
2023-07-31,CAKE,ITZY,103.07
2023-10-18,RINGO,ITZY,119.998
2023-10-11,Donʼt Be Jealous,Seo In Guk,94.533
2023-04-24,Macarena,BLITZERS,107.99
2023-08-09,You and Me Now,BLITZERS,103.036
2023-04-24,Question Mark,BLITZERS,127.982
2023-08-17,Tell me it's me,BLITZERS,102.92
2023-08-17,Light Of My life,CHEN,97.984
2023-08-11,Mirage of Flower,CHEN,139.92
2023-08-05,FREE WORLD,CHEN,96.008
2023-11-10,LALALALA,Stray Kids,125.976
2023-06-02,S-Class,Stray Kids,104.996
2023-11-10,MEGAVERSE,Stray Kids,160.051
2023-11-10,LALALALA (Rock Ver.),Stray Kids,126.058
2023-11-10,Cover Me,Stray Kids,173.944
2023-11-10,BLIND SPOT,Stray Kids,196.102
2023-11-10,COMFLEX,Stray Kids,110.016
2023-11-10,Leave,Stray Kids,109.993
2023-09-22,Back To Me,The Rose,130.033
2023-09-22,You're Beautiful,The Rose,91.962
2023-09-22,Alive,The Rose,140.033
2023-09-22,Lifeline,The Rose,151.037
2023-11-01,VROOM VROOM,Weeekly,122.954
2023-09-12,Good Day (Special Daileee),Weeekly,126.072
2023-11-01,Backwards,Weeekly,111.046
2023-11-01,ODYSSEY,Weeekly,127.95
2023-11-01,A+,Weeekly,159.934
2023-11-01,RUBY-DUBY-DU,Weeekly,123.024
2023-08-18,SLAY,EVERGLOW,149.949
2023-06-18,Silence,Sunwoojunga,189.637
2023-07-28,The breath,Sunwoojunga,78.832
2023-03-09,Going Home,Sunwoojunga,122.498
2023-01-09,Puzzle,SF9,110.01
2023-07-16,Fall in Love,JEONG SEWOON,64.094
2023-08-17,Memory,JEONG SEWOON,143.529
2023-06-23,"One Of The Girls (with JENNIE, Lily Rose Depp)",JENNIE,87.51
2023-10-06,You & Me,JENNIE,111.996
2023-10-06,You & Me (Coachella ver.),JENNIE,111.945
2023-10-20,Good Enough,CHANYEOL,94.982
2023-05-04,Overdrive,PATTERN,109.986
2023-07-21,Miro,PATTERN,125.057
2023-04-21,Missing You,PATTERN,77.939
2023-07-21,Miro (Inst.),PATTERN,124.997
2023-05-04,Overdrive (Inst.) - Instrumental,PATTERN,110.029
2023-09-27,PUPPET SHOW,XG,149.996
2023-08-23,NEW DANCE,XG,114.001
2023-01-25,LEFT RIGHT,XG,150.065
2023-01-25,SHOOTING STAR,XG,163.015
2023-06-30,GRL GVNG,XG,131.022
2023-08-04,TGIF,XG,128.022
2023-09-27,X-GENE,XG,165.995
2023-09-27,HESONOO,XG,106.969
2023-11-17,Amigos (with Becky G),BIBI,95.021
2023-08-31,Hongdae R&B,BIBI,119.977
2023-08-10,SI MUA,Dafina Zeqiri,97.688
2023-06-08,Ku Je Ti (feat. Ricky Rich & Dafina Zeqiri),Dafina Zeqiri,78.691
2023-10-12,Drama,Dafina Zeqiri,102.991
2023-06-28,Kaje,Dafina Zeqiri,145.988
2023-10-12,Pahiri,Dafina Zeqiri,99.985
2023-07-28,FLAKA,Dafina Zeqiri,166.029
2023-09-15,Xhane Xhane,Dafina Zeqiri,177.87
2023-07-07,Dasma,Dafina Zeqiri,100.082
2023-07-17,E PARA / I PARI,Dafina Zeqiri,183.924
2023-09-08,Never Got To Say That I Love You,Sondia,143.674
2023-09-17,Never be the same,Sondia,129.664
2023-11-10,Drama,aespa,131.016
2023-11-10,Better Things,aespa,115.027
2023-09-15,Spicy,aespa,114.949
2023-03-30,Hold On Tight,aespa,119.8
2023-04-21,مكانك,Abdul Majeed Abdullah,86.571
2023-10-10,f,BOBBY,115.014
2023-10-10,hercules! (feat. JUSTHIS),BOBBY,84.94
2023-03-21,Drowning (Feat. SOLE),BOBBY,106.918
2023-03-21,Cherry Blossom,BOBBY,119.967
2023-10-10,why stop now (feat. Jung Sangsoo),BOBBY,88.898
2023-10-10,sae (feat. Huh),BOBBY,89.85
2023-07-07,Say Yes To Heaven x Shootout,Izzamuzzic,87.023
2023-01-03,Turanım,Izzamuzzic,137.079
2023-06-05,SHALALA,TAEYONG,95.0
2023-09-05,"Swipe (Prod. C-Young, Alawn)",TAEYONG,186.062
2023-06-05,RUBY,TAEYONG,118.915
2023-06-05,GWANDO,TAEYONG,89.999
2023-06-05,404 File Not Found,TAEYONG,105.083
2023-06-05,Move Mood Mode,TAEYONG,101.958
2023-11-02,MANIAC,VIVIZ,114.961
2023-11-02,Untie,VIVIZ,113.882
2023-01-31,PULL UP,VIVIZ,111.008
2023-11-02,Overflow,VIVIZ,155.902
2023-11-02,Day by day,VIVIZ,90.008
2023-11-02,Up 2 Me,VIVIZ,117.01
2023-08-01,Spoiler,VIVIZ,123.046
2023-04-03,Dawn,KIM WOO SEOK,94.985
2023-04-03,Love and Hate,KIM WOO SEOK,83.971
2023-10-15,Don't be mad,Paul Kim,148.268
2023-05-25,HANGANG (Feat. BIG Naughty),Paul Kim,105.053
2023-05-04,About You,Paul Kim,107.831
2023-11-07,Effortless,A.C.E,125.014
2023-11-07,Effortless (Kor Ver.),A.C.E,125.086
2023-04-06,I Can't Have You,An Nyeong,77.037
2023-02-19,Love is over,An Nyeong,135.654
2023-11-07,Don′t love me. Don′t hug me,An Nyeong,127.713
2023-05-31,End of the Road,An Nyeong,134.271
2023-03-11,Why didn't you tell me earlier?,An Nyeong,122.014
2023-08-22,Naked Gold (Prod. Czaer),JAMIE,62.107
2023-09-01,Dancing with you in the Rain,JAMIE,99.994
2023-04-13,Dear My Light,DAWN 던,89.985
2023-09-15,Heart,DAWN 던,171.921
2023-09-15,Star (Feat. 10CM),DAWN 던,139.568
2023-09-15,Fallin' (Feat. pH-1),DAWN 던,98.356
2023-09-15,Abyss,DAWN 던,94.014
2023-09-15,I Don’t,DAWN 던,74.85
2023-09-15,Seasons (Feat. GEMINI),DAWN 던,188.006
2023-05-22,FREEDOM,JOOHONEY,138.002
2023-08-13,HIP HOP,JOOHONEY,157.993
2023-05-22,HYPE ENERGY,JOOHONEY,125.569
2023-05-22,"Don’t Worry, Be Happy",JOOHONEY,179.996
2023-05-22,Voice,JOOHONEY,74.879
2023-05-22,진화 (Evolution),JOOHONEY,159.776
2023-04-16,AWAKE,JOOHONEY,98.972
2023-06-05,Over The Mountain (Prod. dress),JOOHONEY,161.39
2023-02-28,Not Bad (feat. Dawon),015B,117.986
2023-10-18,I Deserve Happiness (Feat. Minjeong),015B,80.005
2023-01-27,Stay,Emarosa,139.979
2023-01-27,Preach,Emarosa,207.971
2023-01-27,Again,Emarosa,160.127
2023-03-20,Love Me Like This,NMIXX,97.021
2023-07-03,Roller Coaster,NMIXX,120.027
2023-07-11,Party O'Clock,NMIXX,127.995
2023-03-12,"Young, Dumb, Stupid",NMIXX,188.035
2023-03-20,My Gosh,NMIXX,99.992
2023-11-02,"Smoke (Prod. Dynamicduo, Padi) - Remix",ZICO,98.099
2023-08-31,Traboski - Remix Coke Studio Africa 2023,Nikita Kering',114.022
2023-08-18,Ex - Remix - Coke Studio Africa 2023,Nikita Kering',90.058
2023-10-05,All in,LAY,100.02
2023-10-05,Right Back,LAY,144.947
2023-08-01,الحب الأبدي,Assala Nasri,122.007
2023-03-01,ما عرفتك,Assala Nasri,74.012
2023-08-22,العجب في الهوى,Assala Nasri,77.039
2023-04-25,VIBE (feat. Jimin of BTS),TAEYANG,100.078
2023-04-25,Shoong! (feat. LISA of BLACKPINK),TAEYANG,110.01
2023-04-25,Seed,TAEYANG,89.851
2023-10-28,Love Blooms,Moon Byul,95.99
2023-10-17,NOT OK (Feat. MINNIE),Loco,133.018
2023-10-17,Just Like This (Feat. george),Loco,137.021
2023-10-17,INEEDYOURLOVE,Loco,156.114
2023-08-07,Fast Forward,JEON SOMI,124.0
2023-08-07,Gold Gold Gold,JEON SOMI,92.997
2023-08-07,The Way,JEON SOMI,160.019
2023-08-07,Pisces,JEON SOMI,128.095
2023-02-16,BANANA SHAKE (SPED UP),HUS,142.962
2023-08-18,Don’t Wanna Go Back (Duet with Heize),HEIZE,83.919
2023-06-07,Kick It 4 Now,THE NEW SIX,105.97
2023-02-15,Love or Die,THE NEW SIX,179.84
2023-06-07,By You,THE NEW SIX,101.99
2023-02-15,I Need U,THE NEW SIX,131.958
2023-06-07,Kick It 4 Now - English Version,THE NEW SIX,105.973
2023-06-07,1000 Miles,THE NEW SIX,85.873
2023-02-15,Wasn’t Ready,THE NEW SIX,127.981
2023-07-26,rose,Nahee,120.012
2023-01-27,I'm Homeless,Nahee,103.997
2023-05-16,Hi,Nahee,87.92
2023-11-02,NEVERLAND,NINE.i,101.15
2023-08-03,Turn it off,NINE.i,130.057
2023-08-03,Hurt,NINE.i,167.974
2023-08-03,Power up,NINE.i,125.016
2023-08-03,Highschool Love,NINE.i,100.025
2023-09-20,I'll Always Be With You,Lyn,134.324
2023-10-05,We Love Each Other,Lyn,129.7
2023-04-20,bad,wave to earth,135.808
2023-04-20,love.,wave to earth,61.921
2023-04-20,peach eyes,wave to earth,94.97
2023-04-20,sunny days,wave to earth,158.037
2023-04-20,homesick,wave to earth,94.937
2023-06-18,Yellow Light,Gaho,139.951
2023-10-24,Light of my life,Gaho,125.865
2023-11-03,Seven (feat. Latto) (Explicit Ver.),Jung Kook,124.987
2023-11-03,Standing Next to You,Jung Kook,106.017
2023-10-02,3D (feat. Jack Harlow),Jung Kook,108.044
2023-11-10,TOO MUCH,Jung Kook,94.977
2023-11-03,Yes or No,Jung Kook,83.845
2023-11-03,Hate You,Jung Kook,79.595
2023-11-03,Please Don't Change (feat. DJ Snake),Jung Kook,114.878
2023-11-03,Closer to You (feat. Major Lazer),Jung Kook,113.031
2023-11-03,Somebody,Jung Kook,106.059
2023-11-03,Shot Glass of Tears,Jung Kook,77.955
2023-07-02,Get To You,Jung Seung Hwan,131.755
2023-11-05,Night and Day,Jung Seung Hwan,107.86
2023-04-29,Breath,Jung Seung Hwan,109.878
2023-08-29,It'll pass,Jung Seung Hwan,129.541
2023-03-16,So Good at Being in Trouble,Unknown Mortal Orchestra,103.817
2023-03-16,Swim and Sleep (Like a Shark),Unknown Mortal Orchestra,123.51
2023-03-17,That Life,Unknown Mortal Orchestra,123.316
2023-03-17,Nadja,Unknown Mortal Orchestra,79.987
2023-03-17,Meshuggah,Unknown Mortal Orchestra,122.513
2023-03-17,Layla,Unknown Mortal Orchestra,126.985
2023-05-15,Queencard,(G)I-DLE,129.989
2023-10-04,I Want That,(G)I-DLE,120.06
2023-07-13,I DO,(G)I-DLE,110.973
2023-05-15,Allergy,(G)I-DLE,165.087
2023-06-28,NIGHT DANCER - BIG Naughty Remix,BIG Naughty,117.06
2023-10-20,Daylight,BIG Naughty,135.763
2023-09-19,Vancouver 2,BIG Naughty,179.788
2023-05-15,NIGHT DANCER - BIG Naughty Remix,BIG Naughty,117.085
2023-03-24,Like Crazy,Jimin,120.001
2023-03-24,Like Crazy (English Version),Jimin,119.957
2023-03-17,Set Me Free Pt.2,Jimin,132.09
2023-03-24,Face-off,Jimin,119.949
2023-03-24,Alone,Jimin,102.057
2023-05-17,"Angel Pt. 1 (feat. Jimin of BTS, JVKE & Muni Long)",Jimin,84.924
2023-03-24,Interlude : Dive,Jimin,86.314
2023-04-25,VIBE (feat. Jimin of BTS),Jimin,100.078
2023-05-18,"Angel Pt. 2 (feat. Jimin of BTS, Charlie Puth and Muni Long)",Jimin,84.856
2023-02-15,Sweet Juice,PURPLE KISS,116.012
2023-09-05,7HEAVEN,PURPLE KISS,114.996
2023-02-15,Autopilot,PURPLE KISS,159.949
2023-02-15,Intro : Save Me,PURPLE KISS,141.912
2023-02-15,T4ke,PURPLE KISS,179.953
2023-09-29,未生,吳林峰,133.419
2023-03-15,捱麵包的人,吳林峰,139.223
2023-09-14,Tula Li Jasu ChandKe Paar,Vishal Thakare,90.023
2023-01-25,Chal Sali Nachala Chal,Vishal Thakare,90.012
2023-01-16,Mithuna Tota Tumani Maina,Vishal Thakare,89.971
2023-07-17,Chal Kanbai Rot Jevale,Vishal Thakare,90.005
2023-06-01,Tula Dakhina Dil Bol,Vishal Thakare,87.285
2023-08-18,Hot S Laal Tuna Gulabi Gaal,Vishal Thakare,89.952
2023-10-20,The Universe,Kwon Jin Ah,83.87
2023-09-12,Timeless Love,Kwon Jin Ah,89.988
2023-08-10,Love Me Love Me,Kwon Jin Ah,92.95
2023-04-20,Let's Say Goodbye,Parc Jae Jung,135.868
2023-04-20,A Letter to B (Album Ver.),Parc Jae Jung,110.298
2023-06-20,E Keni Dit,Ledri Vula,94.939
2023-11-09,Paranormal,Ledri Vula,136.032
2023-05-24,Boom Boom,Ledri Vula,133.032
2023-05-24,Gjendja,Ledri Vula,124.005
2023-06-03,Yjet Dalin Naten,Ledri Vula,96.036
2023-08-23,PANORAMA,iKON,132.013
2023-05-04,Tantara,iKON,99.97
2023-08-22,Picture,HYO,105.037
2023-02-09,PARTY,HYO,125.007
2023-07-31,New Emotions,INFINITE,112.026
2023-07-31,Time Difference,INFINITE,140.049
2023-05-16,Crazy Like That,VERIVERY,116.989
2023-03-03,國際孤獨等級,Gareth.T,135.506
2023-09-15,let me know,Gareth.T,102.95
2023-04-21,Jelly Pop,BOYS PLANET,120.995
2023-04-21,Hot Summer,BOYS PLANET,75.043
2023-01-05,Here I Am,BOYS PLANET,128.007
2023-04-21,Not Alone,BOYS PLANET,82.03
2023-09-06,I Love My Body,HWASA,140.014
2023-10-04,Chili,HWASA,103.243
2023-07-12,"April Maathathil (From ""Vaali"")",Deva,113.551
2023-07-12,"Nalam Nalamariya Aval 1 (From ""Kadhal Kottai"")",Deva,89.971
2023-07-12,"Sona Sona (From ""Vaali"")",Deva,104.02
2023-11-01,Screen Time (Feat. Hoshi of SEVENTEEN),Epik High,87.813
2023-11-01,Screen Time (Feat. Hoshi of SEVENTEEN) - B-Roll Version,Epik High,178.084
2023-02-01,Catch (Feat. Hwa Sa),Epik High,109.923
2023-11-03,你不會一輩子的愛上我,Tyson Yoshi,156.089
2023-08-04,2nd Favourite 第二最愛,Tyson Yoshi,111.019
2023-08-25,see you in hell,Tyson Yoshi,159.993
2023-06-02,Just Break Up,Tyson Yoshi,99.993
2023-04-21,I don’t smoke & I don’t drink,Tyson Yoshi,145.971
2023-04-21,That Guy,Tyson Yoshi,137.059
2023-01-28,GRAVITY,ONEWE,102.978
2023-03-10,MOONLIGHT SUNRISE,TWICE,125.089
2023-03-10,SET ME FREE,TWICE,113.025
2023-10-24,Truth or Dare,PIXY,118.054
2023-03-10,KARMA,PIXY,96.014
2023-10-24,The Letter,PIXY,88.297
2023-03-21,Chico malo,MAMAMOO+,121.988
2023-03-29,GGBB,MAMAMOO+,137.893
2023-08-03,dangdang,MAMAMOO+,178.011
2023-07-18,Save Me,MAMAMOO+,171.815
2023-08-03,Starry Sea,MAMAMOO+,109.988
2023-03-29,LLL,MAMAMOO+,95.08
2023-08-03,I LIKE THIS,MAMAMOO+,129.983
2023-08-03,Intro : Two Rabbits,MAMAMOO+,129.977
2023-04-12,Super Gap,MAMAMOO+,170.222
2023-10-21,垃圾女星,Serrini,123.781
2023-09-13,愉快動物病,Serrini,107.891
2023-07-15,不冷淡不熱情,Serrini,115.902
2023-08-13,當陽光灑落在你臉上,Serrini,123.905
2023-04-07,Golden Hour,MARK,129.015
2023-04-07,Golden Hour - Instrumental,MARK,128.937
2023-07-30,妳在哪裡 (WYA),Jay Park,105.004
2023-02-13,Yesterday,Jay Park,168.16
2023-05-23,Candy (Feat. Zion.T),Jay Park,103.914
2023-11-02,"Smoke (Prod. Dynamicduo, Padi) - Remix",Jay Park,98.099
2023-03-31,Rock With You - Spotify Singles,Jay Park,70.301
2023-09-11,The Reason Why I Love You,CHEEZE,118.173
2023-09-08,Never Ending Story,Kim MinSeok,129.584
2023-02-26,Always with you,Kim MinSeok,125.32
2023-01-07,The Wall,Kim MinSeok,139.187
2023-02-06,Fighting (Feat. Lee Young Ji),BSS,152.026
2023-02-06,7PM (Feat. Peder Elias),BSS,120.006
2023-02-06,LUNCH,BSS,120.014
2023-08-25,THE GIRLS - BLACKPINK THE GAME OST,BLACKPINK,160.07
2023-10-17,Love it,YOUNITE,120.059
2023-05-17,WATERFALL,YOUNITE,105.029
2023-10-17,F!zzy Soda Love,YOUNITE,159.984
2023-10-17,A star called you,YOUNITE,95.057
2023-10-17,Cupcake,YOUNITE,95.104
2023-10-17,Chili Pop,YOUNITE,199.793
2023-05-17,TRIP,YOUNITE,115.057
2023-10-10,With UNIVERSE,PENTAGON,126.104
2023-08-03,PUNCHIN',Will Joseph Cook,110.036
2023-10-20,NOBODY'S HOME,Will Joseph Cook,116.025
2023-09-28,BORN TO LOSE,Will Joseph Cook,160.028
2023-05-23,ICKY,KARD,112.002
2023-05-23,CAKE,KARD,100.019
2023-10-20,Ordinary Days,Suzy,95.035
2023-06-12,R.U.N,Suzy,177.688
2023-10-20,Ordinary Days - Live Band Ver.,Suzy,95.093
2023-10-20,Undercover,Suzy,101.943
2023-04-09,Those times,Juho,133.464
2023-08-06,I Have A Lover,Juho,133.572
2023-10-24,You’re Precious,Standing Egg,70.066
2023-08-08,I Know It's You,Standing Egg,134.096
2023-09-19,29,Standing Egg,148.017
2023-08-07,LIP GLOSS,THE BOYZ,124.978
2023-11-20,WATCH IT,THE BOYZ,99.997
2023-02-20,ROAR,THE BOYZ,150.014
2023-11-11,We are,THE BOYZ,171.592
2023-09-12,Tomorrow,"Car, the garden",108.088
2023-11-17,Ma Cherie,Bien,101.971
2023-11-17,My Baby (feat. Ayra Starr),Bien,91.98
2023-11-17,Too Easy,Bien,96.008
2023-11-17,True Love,Bien,90.06
2023-07-07,My Baby (feat. Ayra Starr) [Remix],Bien,95.884
2023-11-17,I Want You,Bien,96.079
2023-04-20,Navutishwa,Bien,148.059
2023-11-17,Chikwere,Bien,85.874
2023-10-27,Loved,B.I,100.058
2023-09-29,4 Letters,B.I,127.984
2023-06-01,Dare to Love (feat. BIG Naughty),B.I,67.496
2023-11-02,"Smoke (Prod. Dynamicduo, Padi) - Remix",B.I,98.099
2023-11-10,All shook up (feat. AGNEZ MO),B.I,128.984
2023-10-12,Jacuzzi,B.I,112.981
2023-10-20,EVERGREEN,OnlyOneOf,96.114
2023-01-24,chrOme arts,OnlyOneOf,102.107
2023-03-02,seOul drift,OnlyOneOf,159.985
2023-09-26,Baila Conmigo,ONEUS,99.95
2023-06-20,Same Scent - Japanese Version,ONEUS,98.952
2023-05-08,ERASE ME,ONEUS,126.956
2023-09-26,Baila Conmigo (Spanish ver.),ONEUS,99.989
2023-09-20,Vroom Vroom,TEMPEST,93.894
2023-09-20,DIVE,TEMPEST,120.956
2023-04-17,Dangerous,TEMPEST,104.043
2023-09-20,Bluetooth,TEMPEST,96.016
2023-04-17,Freak Show,TEMPEST,153.883
2023-04-17,EYE OF THE STORM,TEMPEST,104.97
2023-07-24,Summer Comes,OH MY GIRL,123.058
2023-04-26,Drowning,WOODZ,110.984
2023-04-26,Busted,WOODZ,140.505
2023-04-26,Journey,WOODZ,147.881
2023-02-14,WE ARE YOUNG,TRI.BE,143.07
2023-02-14,WITCH,TRI.BE,150.029
2023-03-06,O (Circle),ONEW,89.956
2023-03-06,Anywhere,ONEW,100.018
2023-03-06,Cough,ONEW,99.974
2023-03-06,Expectations,ONEW,94.128
2023-08-02,HIT YA! - Japanese Ver.,Lapillus,145.02
2023-06-21,Who's Next,Lapillus,168.008
2023-06-21,Marionette,Lapillus,134.946
2023-06-21,Paper,Lapillus,142.064
2023-06-21,ULALA,Lapillus,118.001
2023-08-18,ULALA - Spanish Version,Lapillus,117.958
2023-08-02,Who’s Next - Japanese Ver.,Lapillus,168.008
2023-10-11,Love Me Back,fromis_9,112.026
2023-06-05,#menow,fromis_9,117.989
2023-06-05,Attitude,fromis_9,121.959
2023-02-13,Rising,tripleS,100.023
2023-08-17,Girls’ Capitalism,tripleS,122.959
2023-10-11,Invincible,tripleS,170.029
2023-10-11,Rhodanthe,tripleS,119.021
2023-10-11,Moto Princess,tripleS,141.98
2023-10-11,Heavy Metal Wings,tripleS,101.992
2023-08-17,Speed Love,tripleS,86.949
2023-08-17,Complexity,tripleS,199.968
2023-08-17,Seoul Sonyo Sound,tripleS,130.074
2023-03-13,Rover,KAI,186.022
2023-03-13,Slidin',KAI,120.0
2023-03-13,Bomba,KAI,93.978
2023-10-04,Love Effect,ONF,117.454
2023-10-04,Dam Dam Di Ram,ONF,96.1
2023-10-04,Be Here Now,ONF,139.95
2023-10-04,Arrival,ONF,110.957
2023-01-09,Beautiful Liar,MONSTA X,129.947
2023-06-08,JUMP,P1Harmony,121.004
2023-11-08,Fall In Love Again,P1Harmony,141.975
2023-11-12,My Days,MeloMance,95.04
2023-05-10,Love you again,MeloMance,72.285
2023-05-29,A Shining Day,MeloMance,92.005
2023-01-26,Miracle,MeloMance,168.222
2023-04-05,D N D,Apink,111.961
2023-09-06,BOOM,Rocket Punch,170.052
2023-09-06,Give Me Your Heart,Rocket Punch,120.0
2023-09-06,Alive,Rocket Punch,170.084
2023-04-25,Heaven(2023),Lim Jae Hyun,123.797
2023-10-14,Floral Shoes,Lim Jae Hyun,70.475
2023-01-29,Season that doesn't exist,Lim Jae Hyun,72.501
2023-07-17,ISTJ,NCT DREAM,121.955
2023-07-17,Broken Melodies,NCT DREAM,150.023
2023-07-17,Yogurt Shake,NCT DREAM,130.077
2023-07-17,Like We Just Met,NCT DREAM,106.984
2023-02-17,Honestly,LIMELIGHT,108.992
2023-08-04,MADELEINE,LIMELIGHT,120.998
2023-02-17,Blanc Noir,LIMELIGHT,122.98
2023-02-17,Crystal,LIMELIGHT,128.023
2023-08-04,MADELEINE - Accapella,LIMELIGHT,120.866
2023-08-04,MADELEINE - Instrumental,LIMELIGHT,120.988
2023-10-13,Chasing That Feeling,TOMORROW X TOGETHER,141.994
2023-09-15,Back for More (with Anitta),TOMORROW X TOGETHER,115.916
2023-10-13,Do It Like That,TOMORROW X TOGETHER,119.989
2023-01-27,Sugar Rush Ride,TOMORROW X TOGETHER,125.022
2023-10-13,Happily Ever After,TOMORROW X TOGETHER,156.087
2023-01-27,Tinnitus (Wanna be a rock),TOMORROW X TOGETHER,100.015
2023-10-13,Back for More (TXT Ver.),TOMORROW X TOGETHER,115.881
2023-10-30,Build The World (Bridges),Chayala Neuhaus,125.016
2023-04-14,oh yeah,0WAVE,140.022
2023-08-22,care4u,0WAVE,161.963
2023-06-24,summ′ time,0WAVE,119.978
2023-04-14,too bad,0WAVE,145.037
2023-02-12,off this,0WAVE,156.974
2023-08-22,answer m3,0WAVE,141.007
2023-02-12,time,0WAVE,138.966
2023-07-28,come 2 me,0WAVE,100.03
2023-11-07,JUNK FOOD,OMEGA X,100.923
2023-11-07,LOUDER,OMEGA X,111.948
2023-11-07,Touch,OMEGA X,114.987
2023-11-07,ISLAND,OMEGA X,107.057
2023-11-07,HEY!,OMEGA X,104.986
2023-03-17,Come Together,OMEGA X,159.951
2023-07-23,Here with me,DOYOUNG,110.052
2023-05-12,Beautiful Day,DOYOUNG,148.918
2023-05-29,LOSER,AB6IX,144.946
2023-08-03,money,The Limba,122.207
2023-09-11,Ты и Я,The Limba,115.066
2023-06-29,OVERDRIVE,WEi,160.024
2023-06-29,Be Alright (chillin'),WEi,106.0
2023-06-29,Thriller,WEi,85.055
2023-06-29,End of The Day,WEi,163.949
2023-07-10,OVERDRIVE (English Ver.),WEi,80.006
2023-09-26,A Song For You,JOONIL JUNG,127.518
2023-09-26,A Song For You - Instrumental,JOONIL JUNG,128.04
2023-05-04,HYBRID,MAX CHANGMIN,113.942
2023-06-04,Fever - Japanese Ver.,MAX CHANGMIN,127.987
2023-08-11,HEARTBEAT,TAN,117.992
2023-03-10,FIX YOU,TAN,132.058
2023-08-11,VIOLET,TAN,111.932
2023-08-11,New Days,TAN,159.84
2023-04-27,Half & Half,Kang Seung Yoon,101.81
2023-06-19,SOS,KANGDANIEL,85.023
2023-06-19,Supernova,KANGDANIEL,150.971
2023-06-07,Wasteland,KANGDANIEL,147.938
2023-08-09,Supernova - Japanese Version,KANGDANIEL,151.088
2023-04-26,Sunshower,EPEX,120.009
2023-10-04,FULL METAL JACKET,EPEX,97.928
2023-10-04,Surrender,EPEX,179.956
2023-04-26,"Goodbye, My First Love",EPEX,92.001
2023-07-12,Crack-Crack-Crackle,CLASS:y,168.058
2023-02-08,TARGET,CLASS:y,139.993
2023-05-05,My Love,CLASS:y,92.012
2023-01-04,Madness,MOONBIN&SANHA(ASTRO),98.994
2023-01-04,Chup Chup,MOONBIN&SANHA(ASTRO),145.058
2023-01-04,Your day,MOONBIN&SANHA(ASTRO),129.858
2023-01-04,Perfumer,MOONBIN&SANHA(ASTRO),108.23
2023-06-09,Juliet,AleXa,117.989
2023-02-14,MBTI,AleXa,95.018
2023-09-01,All My Days (with Sauti Sol),Sauti Sol,101.013
2023-01-30,TIC TAC,8TURN,89.043
2023-06-26,EXCEL,8TURN,118.0
2023-01-30,Say My Name,8TURN,89.985
2023-06-26,SKETCH,8TURN,148.022
2023-01-30,Heartache,8TURN,89.929
2023-06-26,WALK IT OUT,8TURN,105.99
2023-01-30,WE,8TURN,89.995
2023-01-30,WONDER,8TURN,170.09
2023-06-26,ING,8TURN,93.008
2023-08-27,Watch,8TURN,104.976
2023-08-17,Moon,Perfume,119.969
2023-11-03,すみっコディスコ,Perfume,110.03
2023-03-07,P.O.W! (Play On the World),Cherry Bullet,128.0
2023-03-07,Whistle Like That,Cherry Bullet,168.089
2023-10-23,God of Music,SEVENTEEN,120.044
2023-04-24,Super,SEVENTEEN,137.018
2023-10-23,SOS (Prod. Marshmello),SEVENTEEN,152.035
2023-10-23,Monster,SEVENTEEN,98.025
2023-10-23,Yawn,SEVENTEEN,171.907
2023-10-23,Diamond Days,SEVENTEEN,115.031
2023-10-12,Brand New Colony,The Beths,175.026
2023-09-15,Watching The Credits,The Beths,166.846
2023-05-09,Haradiya Re,Aashish Yadav,86.971
2023-05-22,Lagalo Hardiya Sona,Aashish Yadav,87.989
2023-05-24,Hamar Balamua DJ Bajabe,Aashish Yadav,85.036
2023-05-16,Bhatar Kaisan Paicha,Aashish Yadav,87.481
2023-05-26,Lag Gelau Haradiya,Aashish Yadav,85.976
2023-10-26,SPITI,Yll Limani,88.888
2023-08-08,Hapa,Yll Limani,127.045
2023-06-28,Kaje,Yll Limani,145.988
2023-10-06,Per kon je zbukuru,Yll Limani,152.021
2023-04-07,Yalla,Yll Limani,97.012
2023-05-19,U Kry,Yll Limani,129.907
2023-11-02,Feel me,Golden Child,143.976
2023-11-02,Blind Love,Golden Child,107.975
2023-11-02,Dear,Golden Child,110.014
