Artist ID,Artist Name
4FjoOJAndC0s9ZJUo6VGc5,Lee Hyori
7qxo9RTWfEoFKN7XGtNV6V,SECRET NUMBER
2ec7y2L98sHDYFylr7KqEx,MAVE:
7rGbODPTIVjzn3CTR6RCzE,Junko Ohashi
1eDD6vNEyVQXGev7af156d,Apink CHOBOM
0p5Ot7c8cFHtS82hd1WBN3,KINGDOM
59dDRtMe8DILtibke8FWLK,MCND
0NztgA9b1KEJLjLVqMwd9y,E'LAST
3cjEqqelV9zb4BYE3qDQ4O,EXO
01XYiBYaoMJcNhPokrg0l0,STAYC
2ujaWf015QoP7x1u20Yq5G,BLACKSWAN
0w4e7HVbqAHFPN6VkIlvhe,Suresh Wadkar
6QHP8St0MzfNDqjKpwtMht,xikers
3KonOYiLsU53m4yT7gNotP,TREASURE
1z0Hi3myYw4x32xCq0H3aq,TAEIL
6RHTUrRF63xao58xh9FXYJ,IVE
6fxk3UXHTFYET8qCT9WlBF,Kevin Morby
18VvNIaKQgZXhSBnu7p5z7,Ciipher
7bWYN0sHvyH7yv1uefX07U,Jukjae
6UZ0ba50XreR4TM8u322gs,JISOO
3T0fMfxYBU3q9oAUAdPIsr,HIGHLIGHT
3X6XIt8zNXvrNzxb1R8TW5,En Butter
4pz4uzOMpJQyV8UTsDy4H8,ASTRO
3OBkZ9NG8F0Fn4oNpg0yuU,HA SUNG WOON
1GVRoyErxhZGdvmOKGO7W7,Mahmoud Al Turky
0qQQYIK5Sxnzt72fGyTcvs,Ahn Ye Eun
7cVZApDoQZpS447nHTsNqu,LeeHi
41lcf5k3PkUdxupYLkcjCd,dosii
4GJ6xDCF5jaUqD6avOuQT6,FIFTY FIFTY
1ts2oIXKCpWSRFnR78bulp,Anselmo Ralph
1JrJQz0AlGYbLxBnOEWfLx,Rahma Riad
3cNwyF5SboOs9icz2XyotE,Mustafa Ceceli
4muJrGMndyYWqZtfk8OWy4,BoA
3cI5n4TdsnqzKxYPkQLs4b,MIRAE
10NiYZbV1kGr5cBygKTS5J,ODD EYE CIRCLE
0BqRGrwqndrtNkojXiqIzL,Whee In
2ZmXexIJAD7PgABrj0qQRb,N.Flying
6OwKE9Ez6ALxpTaKcT5ayv,AKMU
64jfAecBriamQmMs0WAKtj,HYNN
2QM5S4yO6xHgnNvF0nbZZq,SEULGI
7isCii8IZOBPInAYFn2n5Q,The Poles
1XujSdsxykPhP3dn6HaT4l,PARK WON
4poL7YCSkG7kMnWjAdDU91,Era Istrefi
4fgfmrBHIWsUuHxeOPhv61,LEE MINHYUK (HUTA)
5GwQwY63I9hrUUFlQB8FYU,H1-KEY
6Xg22wJOAcnvPUfk5WvODH,JEON SOYEON
4k84JZ3ge2ZeFyKCThIiBt,Kamazz
13rF01aOogvnkuQXOlgTW8,TAEMIN
0Sadg1vgvaPqGTOjxu0N6c,Girls' Generation
3qNVuliS40BLgXGxhdBdqu,TAEYEON
1khChLj7REGqjM043PlYyn,Xdinary Heroes
6uNxlIP5lzPFf0BHuELOuX,GOT the beat
3uGFTJ7JMllvhgGpumieHF,AILEE
4DoedGw38ubJdAT1edFsIx,DKB
2GQxKDojobwBjZMPf7aoh0,Billlie
1TTx0YcbKUtJIZY1HEnh9B,J.Y. Park
5t0Js3X9t4wpgXGlaiTFe6,XIUMIN
5cYcI546S8Lf97m4mNdYLD,Solar
6PR5lyCpN2aFKgHUvY9B3O,NINTYSIX
6HvZYsbFfjnjFrWF950C9d,NewJeans
1lHfzEkKmmvdVDDDLKkcsd,CIX
5LHu1iF8m0XtRBEJbbwSoo,WOOSUNG
3NnPQVIU8FpdYz4kWegI7m,Choi HEART
68KmkJeZGfwe1OUaivBa2L,ATEEZ
78sJswwVn4P8aEhkF4K6fQ,HYOLYN
4SpbR6yFEvexJuaBpgAU5p,LE SSERAFIM
0IwZVmMMGE7nNXS7vN9SIo,MISAMO
3Q5Qep7ytrjVleNnMnntgQ,TEN
6FkhUhUwSPl3mGB6mmE8wn,CRAVITY
3yfDRplDZh03Y0fEeCd6B0,my little airport
32jdgEsyvdXqUoReMyR0gl,Overdose
7jFUYMpMUBDL4JQtMZ5ilc,Sung Si Kyung
52MWHSohXVqTyGhBPRJepS,KIHYUN
72nLe76yBFSlP6VBzME358,SHAUN
49tkHHS0mXwa5eLYvyvKyd,I.M
4TEK9tIkcoxib4GxT3O4ky,KISS OF LIFE
2LIk90788K0zvyj2JJVwkJ,Jack Harlow
5V1qsQHdXNm4ZEZHWvFnqQ,Dreamcatcher
2pRZp2WxvnWWiSPcSSYkNV,george
5357DGet3KsoJNwVkV7qvy,ICHILLIN'
1z4g3DjTBBZKhvAroFlhOM,Red Velvet
4dvmLXorXADxVq8EcySEWk,Kim Na Young
3UwlejyX2b458azZ7eCnHb,HyunA
06MX3Ecb8PHyNFmq8irTWC,CSR
3paGCCtX1Xr4Gx53mSeZuQ,NCT U
2FLqlgckDKdmpBrvLAT5BM,Eric Nam
64k5e9kV9MdukXjFrR5R37,Jessi
1sjw4xq2pAWy5Vdgba5QAt,HENRY
2hcsKca6hCfFMwwdbFvenJ,BTOB
5I48tG854vS1rY1isuMOgQ,Ukweli
0hRHbwZ0xSwfVHl4FTv7jq,Gummy
2J4IvVbi2h1wB2A0p5kd86,Xenia Manasseh
6gzXCdfYfFe5XKhPKkYqxV,SUPER JUNIOR
2hRQKC0gqlZGPrmUKbcchR,SHINee
0fwfMuz3AmWRy2pyM5fDRo,RYEOWOOK
1iQfn1B8V25iQoolQakyAZ,NU'EST
4rxWm4OrS8IRQ3YxDUwnJA,KyoungSeo
0b1sIQumIAsNbqAoIClSpy,j-hope
3Nrfpe0tUJi4K4DXYWgMUX,BTS
4Kw6Puq72YDjXvVBrBkdw3,Ha Yea Song
6MoXcK2GyGg7FIyxPU5yW6,SUNMI
3ErHVJMsxTq2lLSmnONBm9,Roy Kim
2p48L95TwEaYkSdn6R7LOr,BamBam
57HNdw2ObRmfwWHG8Xhs8t,LIGHTSUM
37ZY7eIcTT28id2jfq8WYw,Woody
6XXKPxRX2WWPPtfodzpc2v,KEY
2f0bPttugNpkg34HIxBIWe,JUST B
5t5FqBwTcgKTaWmfEbwQY9,ENHYPEN
0ziR2zN0NFcB4x1G3P8cW3,VICTON
0pnTDtr7r9ThLMVrEZ6byK,Tei
0W0w607z3JEA1vXLz9FVGw,NCT DOJAEJUNG
6aLdhHUqgdKE86xbtNmY8g,Crush
1qBsABYUrxg9afpMtyoFKz,WayV
7sPKpBhx7fwPp9wMGYvQJI,Say Yes!
5R7AMwDeroq6Ls0COQYpS4,Kep1er
5e9SnnT1mabuWwjwu6FrZD,Youth Fountain
1MIe1z4RdqLqHSJsb7EBMm,The Greeting Committee
1kfWoWgCugPkyxQP8lkRlY,Jackson Wang
2CQZr2RPZmrcvDnaod1ldC,D.O.
0SLGKxtZbiQFfJGtJ8TDTo,Gguggugi
6pU8o91xAS0aWNjj06nQSU,Kassy
7f4ignuCJhLXfZ9giKT7rH,NCT 127
2KC9Qb60EaY0kW4eH68vr3,ITZY
5dEBuZjTtE68uDgCs23Kuv,BVNDIT
15Dv0lqpiL5zD6OqqwUEP4,KANG MINKYUNG
433F0GjVZRnsjP8ztGEso1,Seo In Guk
3Exoh42YMeqnUvYahAGgUE,BLITZERS
0UEP2XBR9aC5NBKcAKnBIq,CHEN
5zkf2Na8DKKJmtWX5Xrx3m,SUHO
2dIgFjalVxs4ThymZ67YCE,Stray Kids
5na1LmEmK2VzNLje9snJYW,The Rose
73B9bjqS2Z5KLXNGqXf64m,Weeekly
3ZZzT0naD25RhY2uZvIKkJ,EVERGLOW
04L3elxyr0XFua2Ek3domW,Sunwoojunga
7LOmc7gyMVMOWF8qwEdn2X,SF9
2l9aF9jOgB7GI1uyNkx836,JEONG SEWOON
7aZ221EQfonNG2lO9Hh192,KARA
250b0Wlc5Vk0CoUsaCY84M,JENNIE
6jV25rzTKQ2zMgrqHha1V5,CHANYEOL
4elUOMiZMJjFKBv13kA0vg,PATTERN
0LOK81e9H5lr61HlGGHqwA,XG
6UbmqUEgjLA6jAcXwbM1Z9,BIBI
6V6mxrGG67IyLFy2l4poNZ,Dafina Zeqiri
18VQ59noY7aOj59UNMozHp,Sondia
6YVMFz59CuY7ngCxTxjpxE,aespa
2RxCv6j8Wu2rYbmtOBvg6F,Abdul Majeed Abdullah
7ieMQQDR0bdBPz572mtxwS,BOBBY
5EiDVD35ofoSKq1KE0jcs8,Izzamuzzic
6SKusTjOAPsTZ6kareKQdm,TAEYONG
7Lq3yAtwi0Z7zpxEwbQQNZ,VIVIZ
1Do4bSzfUl0KWL9r1fITu0,Yoon Mirae
4TjXA854eWs8P5EBgCbQmv,Jah Khalib
4k2MyP64uZ78mvjKd1Ciq2,KIM WOO SEOK
4qRXrzUmdy3p33lgvJEzdv,Paul Kim
6hhqsQZhtp9hfaZhSd0VSD,WJSN
6pC3vnUgNVITdYMMXefi6D,WONHO
5zShiwTHlygdfsXj6eavTu,Golden Child
25KT93FeotUTHC1dbLasxi,A.C.E
4M9tATKeCZPhipaM6ge2VS,An Nyeong
2YXlVLKq3X3soXd2aXUtIT,JAMIE
7DxCK6bwfQC3F2ajZ02R2F,DAWN 던
4rpOWirhzqN7NPgRX76l1k,JOOHONEY
4uU7KfTjcjyKUGWSaTzLu7,015B
68tKVjVvcqUfKFFLr2j0Ek,Emarosa
28ot3wh4oNmoFOdVajibBl,NMIXX
7mgY992t7YTx6UELsoIMRa,woo!ah!
4XpUIb8uuNlIWVKmgKZXC0,ZICO
1yQKzWOHXJQSEnOXrHDl4X,Nikita Kering'
4o7tWrzQOqarDtTMWD2HV9,LAY
6MQnUjIjnIOfHDFzqBJOAl,Assala Nasri
6udveWUgX4vu75FF0DTrXV,TAEYANG
5VyqN5hNo0TbYF0ICU77nn,WJSN Chocome
5RR0MLwcjc87wjSw2JYdwx,MOMOLAND
1eTft3tXynrKdo6XD7QHLL,Moon Byul
4Kxlr1PRlDKEB0ekOCyHgX,BIGBANG
2e4G04F77jxVuDYo44TCSm,Loco
7zYj9S9SdIunYCfSm7vzAR,JEON SOMI
23m7tUHLULVyBAAIYHbsgT,HUS
5dCvSnVduaFleCnyy98JMo,HEIZE
0DRiXmEOc6dJ6Rug3xi4HZ,THE NEW SIX
7JksKqLDuYE8QYj2WjiNQr,Sona Jobarteh
5uTRxWUE0w5hHOui1lbQjD,Nahee
4e8UtPYfVPBzWO4PY8CZye,NINE.i
1A6WCseWiK22oxqodg7vcy,Lyn
5069JTmv5ZDyPeZaCCXiCg,wave to earth
3ybZTNrlK0QhL4rBxfLHOc,Gaho
6nfDaffa50mKtEOwR8g4df,GOT7
6HaGTQPmzraVmaVxvz6EUc,Jung Kook
6GwM5CHqhWXzG3l5kzRSAS,Younha
7l8rOFwZFQ3G0sgZ7gjGng,Jung Seung Hwan
1LeVJ5GPeYDOVUjxx1y7Rp,Unknown Mortal Orchestra
2AfmfGFbe0A0WsTYm0SDTx,(G)I-DLE
7cEaNXXTHx3LokbjUUyHal,BIG Naughty
1oSPZhvZMIrWW5I41kPkkY,Jimin
62T5PGHWJ9sxP2SJq20IHq,PURPLE KISS
7vUVBbfIykXkc668JoZI5P,吳林峰
3MFvpaTh5LYCV6Fz0GNcoS,Vishal Thakare
0kRAVpQhUUArA8UnYwEdeZ,Kwon Jin Ah
7kXQtwn3ZRTBc8JYNyGwQy,Parc Jae Jung
5519qQ4H5p0qIIidEWUOB6,Ledri Vula
5L4EafeXwZ0stGuPtGr5Tz,Rain
1xs6WFotNQSXweo0GXrS0O,EXID
5qRSs6mvI17zrkJpOHkCoM,iKON
3U7bOaJLuFkrmDQ1C1OqKl,HYO
1bkpTEmumLC3xc7HgMsttU,INFINITE
1fWUcRSok57yRm8gPKj1Fc,VERIVERY
6R57JlNKlnNrYaji0vw8xx,Gareth.T
49pGKUCSjzaCfv8gdTWG98,BOYS PLANET
7bmYpVgQub656uNTu6qGNQ,HWASA
1aXtuiimQwgW8Xqztgp4Kf,Deva
5snNHNlYT2UrtZo5HCJkiw,Epik High
3dayhmhJfL4I8w1PuL9MqQ,Tyson Yoshi
4D9foUQxTrsS0w2BeyCD16,ONEWE
7n2Ycct7Beij7Dj7meI4X0,TWICE
0CJkEzffVZLgav03xXeC9s,PIXY
2uGx10VkBrI3GBvnQl81du,MAMAMOO+
0u3m5Sy2zsq4Gk0aduH9s7,Serrini
70DFixYAFPv4Pf9kgSfR9O,MARK
4XDi67ZENZcbfKnvMnTYsI,Jay Park
2PSJ6YriU7JsFucxACpU7Y,CHUNG HA
6NdzNrBP8Jbhzp6h7yojht,CHEEZE
3CHn74oCO6xiThDGQcDMeA,Kim MinSeok
1uAT5bTSp6dWbNmixIUP5t,BSS
41MozSoPIsD1dJM0CLPjZF,BLACKPINK
4l4eMvpA4K7X02j08cbkNV,YOUNITE
1wKpMkucynaTfG8lyPprYV,PENTAGON
3YO2a6i2cfdFbgxk2HDfPe,Will Joseph Cook
2JhAlkmukNvarUpGhTFXUQ,KARD
4U80LJd8sG6U9YTFP5izka,Suzy
4iVd8OOKGx0eT2Uo2nEpfH,Juho
6a3Mfrn2XBR1DfPg1QGa1d,Standing Egg
0CmvFWTX9zmMNCUi6fHtAx,THE BOYZ
7t5H3uQv0Zw6cQUnSTF5BB,Brave Girls
7c1HgFDe8ogy5NOZ1ANCJQ,"Car, the garden"
4k5fFEYgkWYrYvtOK3zVBl,BOL4
2zhossaaVN2pXg5p8o101X,Bien
0UntV1Bw2hk3fbRrm9eMP6,B.I
0iQGSzpJ0G0lsugv8jsJHd,OnlyOneOf
52zMTJCKluDlFwMQWmccY7,LOONA
3CVYSpM7nfHFG5qCTW7Ht9,ONEUS
1iyFL3CRuKW7PXgPH4VxSP,TEMPEST
2019zR22qK2RBvCqtudBaI,OH MY GIRL
6y9nlaoynxSvoTGY09Vdcy,WOODZ
6BgYuNomEs12UIrnxhWE9a,TRI.BE
7sZ5ipSoboWdqXkdj6AXHo,ONEW
7bcMJG1TkYFFD9Fit3STLJ,Lapillus
24nUVBIlCGi4twz4nYxJum,fromis_9
5Z71xE9prhpHrqL5thVMyK,tripleS
6iVo62B0bdTknRcrktCmak,KAI
0eEhOgZ2x6kv8kLz77WO7b,ONF
4TnGh5PKbSjpYqpIdlW5nz,MONSTA X
3JjvsPeGMbDJqsphe2z8xU,P1Harmony
6k4r73Wq8nhkCDoUsECL1e,MeloMance
2uWcrwgWmZcQc3IPBs3tfU,Apink
1VwDG9aBflQupaFNjUru9A,NAYEON
4hozqATxbpy9TwKWRT8QVO,Rocket Punch
3GXxRsiCLmZvM5oSeHbNdO,Lim Jae Hyun
08uRwDeNv1d7FSwlOUZdSn,MINHO
1gBUSTR3TyDdTVFIaQnc02,NCT DREAM
1mDDvUPSs2dSr4QKAQmOql,LIMELIGHT
0ghlgldX5Dd6720Q3qFyQB,TOMORROW X TOGETHER
4i4bFvmrHlkchdwrlYlqUh,Chayala Neuhaus
1nxCRfWuzM4GSCVfrqtlxz,0WAVE
2FJYWlqgtoiBtXpOy9GGIF,OMEGA X
5IMXUzbeAyevQmvtOhXQGi,DOYOUNG
4y0wFJ5jmCUNRLZfsw1I7g,AB6IX
7LdZqOf4uMeA5vzlI0oza7,The Limba
6dhfy4ByARPJdPtMyrUYJK,Yerin Baek
7IkfFdVcI6HrRKuOO9NvX5,WEi
2dhnFfsPxve8lzhwfXVFpS,JOONIL JUNG
7FiAkNWMb6ZBYI8tbQLuIS,MAX CHANGMIN
34Ecdzh8yGKt2YvPG37PKu,TAN
2Ip3x4XtEEhlGg8qI146jL,Kang Seung Yoon
0XATRDCYuuGhk0oE7C0o5G,MAMAMOO
1EowJ1WwkMzkCkRomFhui7,RADWIMPS
6zn0ihyAApAYV51zpXxdEp,10cm
5vGoWnZO65NBgiZYBmi3iW,KANGDANIEL
5vV3bFXnN6D6N3Nj4xRvaV,JIN
4e2umhzNHTSeQnSCWPN0uT,EPEX
3jcfHmXvjOgHzfyVE55GzZ,CLASS:y
5pBMUwsALQyFKrbV2nAaKD,WSG WANNABE(4FIRE)
5WUom9mTTEewPdUmI4qnQi,NATURE
2jrwm2knXPMawr5p8FuC2h,MOONBIN&SANHA(ASTRO)
4jCGRzuZkwo8CxboiANMEU,AleXa
4Rj9lQm9oSiMlirgpsM6eo,Sauti Sol
7tCg9aiVKZ5Cmhbfb7UoqM,8TURN
2XMxWKPKCxoLkSdpCViCnr,Perfume
3IJCdgkBZbieocLZ4e94GZ,Cherry Bullet
7nqOGRxlXj7N2JYbgNEjYH,SEVENTEEN
7DjwIxbe8kpw4pqnzAMoin,The Beths
6Q7zxRpatEpouz1e7dLbsG,Aashish Yadav
57W9ikVc6O2wLDtmclSjvN,Simon Dominic
7gcCQIlkkfbul5Mt0jBQkg,Dave Stewart
2CvaqAMMsX576VBehaJ0Wx,Wanna One
2qI59HaiEtvev8vnUkmRpT,Yll Limani
5DuzBeOgFwViFcv00Q5PFb,WINNER
